,Unnamed: 0,timestamp,sender,messages,sentiment_per_chat,sentiment_per_sesi,session_index,file_index,preprocessed
343,22,04/07/19,mahasiswa,"Baik bu, terima kasih ",1,1.0,3,13,"['terima', 'kasih']"
989,241,[03/07/20 14.41.02],mahasiswa,Baik Bu. Terima kasihğŸ™,1,1.0,241,5,"['terima', 'kasih']"
1945,107,[29/06/20 09.41.13],dosen,"saya lihatnya dulu ya, insyaAllah Rabu Sore sekitar jam 15:30 ya.",1,1.0,107,15,"['lihat', 'iya', 'insyaallah', 'rabu', 'sore', 'jam', '15', '30', 'iya']"
826,78,[23/03/20 10.11.24],mahasiswa,Iya bu. jadi ini data latih dan data uji saya tambah lagi saja agar bisa digunakan untuk beberapa skenario pengujian ya Bu. apakah ada tambahan lagi yang perlu saya perbaiki bu?,1,1.0,78,5,"['iya', 'data', 'latih', 'data', 'uji', 'skenario', 'uji', 'iya']"
18,18,[27/07/20 20.01.58],dosen,Ok,1,1.0,17,9,['oke']
1024,276,[04/08/20 14.29.16],mahasiswa,"Oh iya baik Bu, saya pindahkan langsung setelah ini.",1,1.0,275,5,"['oh', 'iya', 'pindah', 'langsung']"
1115,367,[15/09/20 10.01.02],dosen,"Assalamualaikum wr wb. [MHS]  SIET sudah diumumkan ya. Namun, belum diterima.",1,1.0,364,5,"['assalamualaikum', 'wr', 'wb', 'mahasiswa', 'siet', 'iya', 'terima']"
1123,375,[15/09/20 10.35.50],mahasiswa,"Baik Bu, terima kasihğŸ™",1,1.0,372,5,"['terima', 'kasih']"
1094,346,[24/08/20 17.00.38],dosen,Sedang menunggu respons,1,1.0,344,5,"['tunggu', 'respons']"
1964,126,[27/07/20 13.08.02],mahasiswa,Mohon maaf untuk form SC2-18 pada poin 3B dan 4B PakğŸ™ â€,1,1.0,126,15,"['mohon', 'maaf', 'form', 'sc2-18', 'poin', '3b', '4b']"
1934,96,[09/06/20 09.23.47],mahasiswa,"Assalamualaikum Wr.Wb. Selamat pagi dan mohon maaf mengganggu waktu Bapak. Saya ingin menginformasikan mengenai pelakasanaan ujian skripsi saya yang akan dilaksanaan pada hari Jumat, 12 Juni 2020 pukul 12.45-14.00 WIB. Saya mengharap konfirmasi Bapak selaku Dosen Pembimbing pada pelaksanaan sidang skripsi saya. Terima kasih sebelumnyağŸ™ Wassalamualaikum Wr.Wb.",1,1.0,96,15,"['assalamualaikum', 'wr', 'wb', 'selamat', 'pagi', 'mohon', 'maaf', 'ganggu', 'informasi', 'kena', 'pelakasanaan', 'uji', 'skripsi', 'laksana', 'jumat', '12', 'juni', '2020', '12', '45-14', '00', 'wib', 'harap', 'konfirmasi', 'dosen', 'bimbing', 'laksana', 'sidang', 'skripsi', 'terima', 'kasih', 'wassalamualaikum', 'wr', 'wb']"
42,42,[01/09/20 09.57.32],mahasiswa,"Assalamuâ€™alaikum Pak [DOSEN], saya ingin menanyakan apakah ada revisi atau saran untuk dokumen saya kemarin? Terima kasih",1,1.0,41,9,"['assalamu', 'alaikum', 'dosen', 'revisi', 'saran', 'dokumen', 'kemarin', 'terima', 'kasih']"
2080,113,26/10/20,mahasiswa,"Baik pak, terima kasih",1,1.0,23,11,"['terima', 'kasih']"
88,88,[15/12/20 14.38.09],dosen,Ok silahkan,1,1.0,87,9,"['oke', 'silah']"
1104,356,[24/08/20 19.05.53],mahasiswa,"Bu, saya mau menginformasikan kalau jurnalnya sudah berhasil diupload Bu. Terima kasih banyak untuk bantuannya Bu, mohon maaf sekali merepotkan dan mengganggu waktu IbuğŸ™ğŸ˜…",1,1.0,354,5,"['informasi', 'jurnal', 'hasil', 'diupload', 'terima', 'kasih', 'bantu', 'mohon', 'maaf', 'repot', 'ganggu']"
1897,59,[23/04/20 14.25.26],mahasiswa,Baik Pak. Terima kasihğŸ™,1,1.0,59,15,"['terima', 'kasih']"
1929,91,[13/05/20 10.25.20],dosen,"Walaikumsalam, insyaAllah sekitar jam 15:30 bisa daring sebentar ya.",1,1.0,91,15,"['walaikumsalam', 'insyaallah', 'jam', '15', '30', 'daring', 'sebentar', 'iya']"
1383,47,24/8/20,mahasiswa,"Baik, Bapak terima kasih banyak ",1,1.0,13,2,"['terima', 'kasih']"
1133,385,[06/10/20 11.14.45],mahasiswa,"Assalamualaikum Wr.Wb.Bu. Selamat siang, mohon maaf mengganggu waktu Ibu. Berkaitan dengan jurnal yg saya coba publish di JUITA, saya mohon maaf karena jurnal saya kurang sesuai dengan kualifikasi dari JUITA Bu. Kemudian untuk selanjutnya apakah menunggu untuk dipublish di JPTIIK saja atau bagaimana Bu? Terima kasih BuğŸ™ Wassalamualaikum Wr.Wb.",1,1.0,382,5,"['assalamualaikum', 'wr', 'wb', 'selamat', 'siang', 'mohon', 'maaf', 'ganggu', 'kait', 'jurnal', 'coba', 'publish', 'juita', 'mohon', 'maaf', 'jurnal', 'sesuai', 'kualifikasi', 'juita', 'tunggu', 'dipublish', 'jptiik', 'terima', 'kasih', 'wassalamualaikum', 'wr', 'wb']"
37,37,[25/08/20 08.23.28],dosen,Silahkan bisa disampaikan disini,1,1.0,36,9,['silah']
1459,123,18/11/20,mahasiswa,Baik Bapak terima kasih banyak,1,1.0,30,2,"['terima', 'kasih']"
2174,22,11/13/20 ,mahasiswa,"Baik pak , terima kasih banyak Pak. ğŸ™",1,1.0,6,0,"['terima', 'kasih']"
976,228,[03/07/20 11.50.23],dosen,"[MHS], yang pernyataan orisinalitasnya, kamu tanda tangan dulu ya",1,1.0,228,5,"['mahasiswa', 'nyata', 'orisinalitas', 'tanda', 'tangan', 'iya']"
1941,103,[11/06/20 14.40.41],mahasiswa,Baik Pak. Terima kasihğŸ™,1,1.0,103,15,"['terima', 'kasih']"
1020,272,[27/07/20 12.29.18],dosen,Sama-sama [MHS],1,1.0,271,5,['mahasiswa']
16,16,[27/07/20 19.56.16],dosen,"Wa'alaykumsalam. Knp lama sekali ga ada kabar dan baru skrg beri kabar? Sebaiknya selalu komunikasi dgn dosen pembimbing, terutama jika ada masalah atau kendala. Jika mmg ingin msh ttp sbg pembimbing skripsi anda, maka harus rutin utk konsultasi, apapun progres yg sdh anda kerjakan, baik ada kendala maupun tidak..",-1,1.0,15,9,"['wa', 'alaykumsalam', 'ga', 'kabar', 'kabar', 'komunikasi', 'dosen', 'bimbing', 'utama', 'kendala', 'mmg', 'sbg', 'bimbing', 'skripsi', 'rutin', 'konsultasi', 'progres', 'kerja', 'kendala']"
1120,372,[15/09/20 10.22.45],mahasiswa,"Waalaikumsaam Bu. Iya Bu, baik nanti saya coba masukkan kesini.",1,1.0,369,5,"['waalaikumsaam', 'iya', 'coba', 'masuk', 'kesini']"
2122,6,02/10/20,mahasiswa,"Baik pak, terimakasih banyak.",1,1.0,2,6,['terima kasih']
790,42,[23/03/20 09.23.48],dosen, update progress via WA ya,1,1.0,42,5,"['update', 'progres', 'via', 'wa', 'iya']"
1959,121,[03/07/20 14.43.55],mahasiswa,"Assalamualaikum Wr.Wb. Pak. Selamat siang, mohon maaf mengganggu waktu Bapak. Terkait proses selanjutnya untuk skripsi saya, saya membutuhkan persetujuan Bapak. Oleh karena itu, saya mohon ketersediaan Bapak untuk tanda tangan digital pada lembar pengesahan dokumen skripsi saya sebagai dosen pembimbing 2 saya. Beriku saya lampirkan dokumen skripsi saya. Terima kasihğŸ™ Wassalamualaikum Wr.Wb.",1,1.0,121,15,"['assalamualaikum', 'wr', 'wb', 'selamat', 'siang', 'mohon', 'maaf', 'ganggu', 'kait', 'proses', 'skripsi', 'butuh', 'tuju', 'mohon', 'sedia', 'tanda', 'tangan', 'digital', 'lembar', 'kesah', 'dokumen', 'skripsi', 'dosen', 'bimbing', '2', 'lampir', 'dokumen', 'skripsi', 'terima', 'kasih', 'wassalamualaikum', 'wr', 'wb']"
2007,40,30/06/20,mahasiswa,"Baik pak, terimakasih untuk informasinya",1,1.0,8,11,"['terima kasih', 'informasi']"
58,58,[19/10/20 14.09.00],mahasiswa,Okay baik pak,1,1.0,57,9,['oke']
1843,5,[22/11/19 08.06.52],mahasiswa,"Assalamualaikum Wr.Wb, Pak. Perihal dokumen skripsi yang beberapa hari lalu saya berikan kepada Bapak, kira-kira kapan dan dimana saya bisa menemui Bapak untuk konsultasi skripsi saya? Terima kasih pak. Maaf mengganggu sebelumnyağŸ™",1,1.0,5,15,"['assalamualaikum', 'wr', 'wb', 'perihal', 'dokumen', 'skripsi', 'ikan', 'temu', 'konsultasi', 'skripsi', 'terima', 'kasih', 'maaf', 'ganggu']"
1254,112,30/12/20,mahasiswa,"Baik Pak , sama sama ya Pak",1,1.0,26,7,['iya']
1574,30,11/02/20,mahasiswa,Baik pakk,1,1.0,8,12,['pakk']
38,38,â€[25/08/20 08.23.54],mahasiswa,<DOC>,1,1.0,37,9,['doc']
912,164,[19/05/20 14.01.11],mahasiswa,"Assalamualikum Wr.Wb.Bu. Selamat siang, mohon maaf mengganggu waktu Ibu. Saya mau menginfokan jika saya sudah mengajukan pendaftaran semhas pada filkomapps Bu. Oleh karena itu saya mohon persetujuan Ibu untuk memverifikasi filkomapps saya. Terima kasih BuğŸ™",1,1.0,164,5,"['assalamualikum', 'wr', 'wb', 'selamat', 'siang', 'mohon', 'maaf', 'ganggu', 'informasi', 'aju', 'daftar', 'seminar hasil', 'filkomapps', 'mohon', 'tuju', 'verifikasi', 'filkomapps', 'terima', 'kasih']"
916,168,[19/05/20 15.53.35],mahasiswa,Iya Bu. Terima kasihğŸ™,1,1.0,168,5,"['iya', 'terima', 'kasih']"
23,23,[04/08/20 14.04.39],mahasiswa,"Besok apakah bapak membuka bimbingan? Saya sudah mengerjakan manualisasi tetapi hasil errornya sangat tinggi, ingin menanyakan mengenai hal tersebut",1,1.0,22,9,"['besok', 'buka', 'bimbing', 'kerja', 'manual', 'hasil', 'errornya', 'kena']"
1100,352,[24/08/20 18.39.53],dosen,Tidak apa-apa .,1,1.0,350,5,[]
775,27,[30/12/19 14.01.39],dosen,Perhatian! Jumlah logbook  yang sudah di verifikasi adalah 9. Penilaian kemajuan 2 (P2) HANYA bisa dilakukan setelah mahasiswa melakukan pengisian logbook dan di verifikasi oleh pembimbing. Jumlah minimum logbook untuk masing-masing pembimbing adalah 6 (enam).,1,1.0,27,5,"['perhati', 'logbook', 'verifikasi', '9', 'nilai', 'maju', '2', 'p2', 'laku', 'mahasiswa', 'laku', 'isi', 'logbook', 'verifikasi', 'bimbing', 'minimum', 'logbook', 'bimbing', '6', 'enam']"
801,53,[23/03/20 09.47.39],dosen,buat data latihnya lebih banyak dari data ujinya,1,1.0,53,5,"['data', 'latih', 'data', 'uji']"
1730,186,15/07/20,mahasiswa,siap pakk terima kasihhh,1,1.0,33,12,"['pakk', 'terima', 'kasihhh']"
1134,386,[06/10/20 11.47.20],dosen,Waalaikumsalam wr wb,1,1.0,383,5,"['waalaikumsalam', 'wr', 'wb']"
349,28,16/07/19,mahasiswa,Baik bu terima kasih,1,1.0,4,13,"['terima', 'kasih']"
909,161,â€[15/05/20 11.05.44],mahasiswa,<DOC>,1,1.0,161,5,['doc']
1045,297,[19/08/20 16.09.03],dosen,"Assalamualaikum wr wb. [MHS], mohon maaf saya besok pagi minta tolong diingatkan untuk menyelesaikan koreksian paper  ya.",1,1.0,296,5,"['assalamualaikum', 'wr', 'wb', 'mahasiswa', 'mohon', 'maaf', 'besok', 'pagi', 'tolong', 'selesai', 'koreksi', 'paper', 'iya']"
773,25,[30/12/19 11.42.07],dosen,Terima kasih sudah diingatkan,1,1.0,25,5,"['terima', 'kasih']"
107,107,[21/12/20 14.43.02],dosen,Sudah sy ajukan pembukaan akses terbatas ke kajur,-1,1.0,106,9,"['aju', 'buka', 'akses', 'batas', 'ketua jurusan']"
713,2,30/09/20,mahasiswa,dengan menggunakan WA pak,1,1.0,0,8,['wa']
1039,291,[13/08/20 09.43.50],dosen,Sip ..,1,1.0,290,5,['sip']
317,190,06/11/20,mahasiswa,selamat istirahat buu,1,1.0,24,10,"['selamat', 'istirahat', 'buu']"
313,186,11/09/20,mahasiswa,terima kasih banyak buu,1,1.0,23,10,"['terima', 'kasih', 'buu']"
2025,58,21/07/20,mahasiswa,"Baik pak, terimakasih untuk informasinya",1,1.0,10,11,"['terima kasih', 'informasi']"
1972,5,24/02/20,mahasiswa,Baik pak terimakasih untuk informasinya,1,1.0,1,11,"['terima kasih', 'informasi']"
43,43,[04/09/20 10.40.07],dosen,<DOC>,1,1.0,42,9,['doc']
35,35,[19/08/20 14.02.48],mahasiswa,Baik pak terimakasish banyak,1,1.0,34,9,['terimakasish']
1781,15,10/13/20,mahasiswa,Baik Pak. Akan saya konfirmasikan kembali ke Bu [DOSEN] terkait P0nya Pak. Terima kasih Pak .,1,1.0,2,4,"['konfirmasi', 'dosen', 'kait', 'p0nya', 'terima', 'kasih']"
1198,56,03/08/20,mahasiswa,"Baik Pak [DOSEN], terima kasih ğŸ™ğŸ»ğŸ™ğŸ»",1,1.0,15,7,"['dosen', 'terima', 'kasih']"
881,133,[07/04/20 14.13.39],dosen,judulnya rencana diganti apa .,1,1.0,133,5,"['judul', 'rencana', 'ganti']"
1944,106,[29/06/20 09.17.54],mahasiswa,Sekiranya Bapak bersedia memeriksa terlebih dahulu sebelum saya lanjutkan ke proses berikutnya. Terima kasih PakğŸ™,1,1.0,106,15,"['sekira', 'sedia', 'periksa', 'proses', 'terima', 'kasih']"
1019,271,[27/07/20 12.16.48],mahasiswa,Iya baik Bu. Terima kasihğŸ™,1,1.0,270,5,"['iya', 'terima', 'kasih']"
1923,85,[06/05/20 11.20.53],dosen,InsyaAllah nanti sekitar jam 16:00 daring saja ya.,-1,1.0,85,15,"['insyaallah', 'jam', '16', '00', 'daring', 'iya']"
581,70,20/11/20,mahasiswa,"Baik pak, terima kasih banyak. ",1,1.0,14,3,"['terima', 'kasih']"
1076,328,[22/08/20 13.35.23],dosen,kok aneh ya ğŸ˜‚,1,1.0,326,5,"['aneh', 'iya']"
1985,18,31/03/20,mahasiswa,"baik pak, terimakasih",1,1.0,5,11,['terima kasih']
1935,97,[09/06/20 12.14.07],dosen,InsyaAllah bisa.,1,1.0,97,15,['insyaallah']
1000,252,[18/07/20 18.12.42],dosen,Sama-sama,1,1.0,252,5,[]
5,5,[21/02/20 14.41.22],mahasiswa,"Pada tampilan tersebut pak [DOSEN], sudah bersedia. Mohon maaf bila ada salah kata pak. Terima kasih",1,1.0,5,9,"['tampil', 'dosen', 'sedia', 'mohon', 'maaf', 'salah', 'terima', 'kasih']"
7,7,[21/02/20 14.44.34],mahasiswa,"Ohh begitu ya pak, terima kasih atas infonya. Mohon maaf mengganggu waktunya pak",1,1.0,7,9,"['oh', 'iya', 'terima', 'kasih', 'informasi', 'mohon', 'maaf', 'ganggu']"
1004,256,[27/07/20 12.05.52],dosen,Astagfirullah,1,1.0,256,5,['astagfirullah']
1854,16,[23/12/19 14.07.21],mahasiswa,Kalau Jumat jam berapa ya pak kira-kira?,1,1.0,16,15,"['jumat', 'jam', 'iya']"
70,70,[02/12/20 12.33.37],dosen,Syarat jumlah bimbingan sudah dipenuhi?,1,1.0,69,9,"['syarat', 'bimbing', 'penuh']"
220,93,10/07/20,mahasiswa,baik buu terima kasihh,1,1.0,14,10,"['buu', 'terima', 'kasihh']"
879,131,[07/04/20 14.09.43],mahasiswa,Iya bu. Baik.,1,1.0,131,5,['iya']
955,207,[25/06/20 17.56.17],dosen,maaf saya baru selesai kelas ğŸ˜€,1,1.0,207,5,"['maaf', 'selesai', 'kelas']"
982,234,[03/07/20 14.07.27],dosen,"[MHS] mohon maaf, itu harus ada materainya dahulu baru ditandatangani  di atas materai",1,1.0,234,5,"['mahasiswa', 'mohon', 'maaf', 'materainya', 'ditandatangani', 'materai']"
1087,339,[22/08/20 18.38.31],dosen,Coba kirimkan yan terbaru ya [MHS] filenya,1,1.0,337,5,"['coba', 'kirim', 'yan', 'iya', 'mahasiswa', 'filenya']"
67,67,[27/11/20 10.39.39],mahasiswa,Terima kasih banyaak,1,1.0,66,9,"['terima', 'kasih']"
966,218,[26/06/20 15.54.01],dosen,Waalaijumsalam wr wb. Sore [MHS],1,1.0,218,5,"['waalaijumsalam', 'wr', 'wb', 'sore', 'mahasiswa']"
24,24,[04/08/20 14.07.08],dosen,Ok,1,1.0,23,9,['oke']
710,199,14/1/21,mahasiswa,"Baik pak, terima kasih atas sarannya. Akan segera saya kerjakan. ",1,1.0,37,3,"['terima', 'kasih', 'saran', 'kerja']"
940,192,[12/06/20 13.01.03],dosen,"Saya sedang menghubungi pak [DOSEN], [MHS]",1,1.0,192,5,"['hubung', 'dosen', 'mahasiswa']"
953,205,â€[25/06/20 13.23.18],mahasiswa,<DOC>,1,1.0,205,5,['doc']
998,250,[18/07/20 11.44.04],dosen,Untuk Turnitin sudah saya exclude yang sumbernya milik  sebelumnya ya. Nanti silakan dicek. Mohon maaf saya baru bisa memeriksa ini tadi .,1,1.0,250,5,"['turnitin', 'exclude', 'sumber', 'milik', 'iya', 'sila', 'cek', 'mohon', 'maaf', 'periksa']"
2202,18,29/12/2020,mahasiswa,"Baik, terima kasih Pak ğŸ™ğŸ»",1,1.0,7,14,"['terima', 'kasih']"
870,122,[03/04/20 14.17.57],dosen,nanti kita evaluasi lagi bersama,1,1.0,122,5,['evaluasi']
996,248,[17/07/20 10.53.31],mahasiswa,Iya Bu tidak apa-apa.,1,1.0,248,5,['iya']
1064,316,[21/08/20 08.23.07],mahasiswa,Iya Bu belum saya upload karena kemarin masih failed saat upload filenya.,1,1.0,314,5,"['iya', 'unggah', 'kemarin', 'failed', 'unggah', 'filenya']"
1016,268,[27/07/20 12.13.18],dosen,Nanti saya bantu untuk cek tulisan juga.,1,1.0,267,5,"['bantu', 'cek', 'tulis']"
1095,347,[24/08/20 17.00.53],dosen,Untuk internal masih ditunggu sampai tanggal 27,1,1.0,345,5,"['internal', 'tunggu', 'tanggal', '27']"
876,128,[07/04/20 14.09.12],dosen,Sama-sama ,1,1.0,128,5,[]
105,105,[21/12/20 10.19.39],mahasiswa,"Assalamuâ€™alaikum pak [DOSEN], berikut saya lampirkan dokumen skripsi saya dan jurnal saya. Untuk pelaksanaan P2 persyaratan apa yang diperlukan ya pak? Terima kasih ",1,1.0,104,9,"['assalamu', 'alaikum', 'dosen', 'lampir', 'dokumen', 'skripsi', 'jurnal', 'laksana', 'p2', 'syarat', 'iya', 'terima', 'kasih']"
1122,374,[15/09/20 10.33.50],dosen,tetap semangat,1,1.0,371,5,['semangat']
1746,202,27/07/20,mahasiswa,oiyaa pak tidak apa apaa,1,1.0,36,12,"['oiyaa', 'apaa']"
1503,167,28/12/20,mahasiswa,Baik Bapak terima kasih banyak,1,1.0,38,2,"['terima', 'kasih']"
76,76,[02/12/20 12.36.18],mahasiswa,Baik pak,1,1.0,75,9,[]
1111,363,[24/08/20 19.23.34],mahasiswa,Iya Bu alhamdulillah hehe terima kasih ya Bu untuk bantuannya yg membingungkan sekali iniğŸ˜…,1,1.0,360,5,"['iya', 'alhamdulillah', 'hehe', 'terima', 'kasih', 'iya', 'bantu', 'bingung']"
1518,182,31/12/20,mahasiswa,Aamiin ya rabbal aalaamiin. Terima kasih banyak Bapak,1,1.0,40,2,"['aamiin', 'iya', 'rabbal', 'aalaamiin', 'terima', 'kasih']"
862,114,[03/04/20 14.09.53],dosen,"[MHS], maaf pesannya tenggelam",1,1.0,114,5,"['mahasiswa', 'maaf', 'pesan', 'tenggelam']"
1130,382,[17/09/20 13.59.56],dosen,Baik ,1,1.0,379,5,[]
1144,2,05/09/19,mahasiswa,"Baik pak [MHS], terimakasih pak",1,1.0,0,7,"['mahasiswa', 'terima kasih']"
936,188,[11/06/20 13.05.14],dosen,Baik mbak ,1,1.0,188,5,['mbak']
961,213,[25/06/20 18.19.48],dosen,iya [MHS]. Dicoba dulu saja dicari referensinya ya. Nanti ditambahkan dulu.,1,1.0,213,5,"['iya', 'mahasiswa', 'coba', 'cari', 'referensi', 'iya']"
1925,87,[06/05/20 16.04.12],dosen,"Untuk bergabung dengan rapat video, klik link ini: https://meet.google.com/igr-wsqf-wsw",1,1.0,87,15,"['gabung', 'rapat', 'video', 'klik', 'link', 'url']"
829,81,[23/03/20 10.12.29],dosen,nanti hasil penngujiannya  letakkan di excel ya,1,1.0,81,5,"['hasil', 'penngujiannya', 'letak', 'excel', 'iya']"
789,41,[23/03/20 09.23.24],dosen,"Baik . Via online saja ya. Di samping saya masih cuti, kondisi di kampus juga sedang tidak kondusif terkait dengan pandemic covid-19",1,1.0,41,5,"['via', 'online', 'iya', 'samping', 'cuti', 'kondisi', 'kampus', 'kondusif', 'kait', 'pandemic', 'covid-19']"
2049,82,25/09/20,mahasiswa,"Baik pak, akan saya kerjakan, terima kasih",1,1.0,17,11,"['kerja', 'terima', 'kasih']"
19,19,[27/07/20 20.02.10],dosen,Komitmen anda sy catat ya..,1,1.0,18,9,"['komitmen', 'catat', 'iya']"
524,13,25/8/20,mahasiswa,Baik pak akan saya pelajari terlebih dahulu. Terima kasih atas perhatiannya.,1,1.0,4,3,"['ajar', 'terima', 'kasih', 'perhati']"
1117,369,[15/09/20 10.01.17],dosen,Mungkin beberapa bagian memang perlu diperbaiki.,1,1.0,366,5,[]
1776,10,10/12/20,mahasiswa,Baik Pak. Saya perbaiki kembali proposal saya Pak. Terima kasih banyak Pak .,1,1.0,1,4,"['proposal', 'terima', 'kasih']"
1138,390,â€[06/10/20 11.49.42],mahasiswa,<DOC>,1,1.0,387,5,['doc']
476,109,10/12/20,mahasiswa,"Baik pak, terima kasih banyak.",1,1.0,34,16,"['terima', 'kasih']"
456,89,26/10/20,mahasiswa,"Terimakasih pak, sudah menandatangani logbook saya",1,1.0,28,16,"['terima kasih', 'menandatangani', 'logbook']"
926,178,[10/06/20 09.04.02],mahasiswa,<DOC>,1,1.0,178,5,['doc']
100,100,[17/12/20 12.14.14],dosen,Ok,1,1.0,99,9,['oke']
934,186,[11/06/20 13.04.30],mahasiswa,"Assalamualaikum Wr.Wb.Bu. Selamat siang, mohon maaf mengganggu waktu Ibu. Berkaitan dengan pelaksanaan sidang skripsi saya pada hari Jumat tanggal 12 Juni 2020, berikut saya infokan mengenai link untuk pelaksanaan sidang besok dari Ketua Majelis Penguji. https://meet.google.com/bqk-wogc-xxd Terima kasih BuğŸ™ Wassalamualaikum Wr.Wb.",1,1.0,186,5,"['assalamualaikum', 'wr', 'wb', 'selamat', 'siang', 'mohon', 'maaf', 'ganggu', 'kait', 'laksana', 'sidang', 'skripsi', 'jumat', 'tanggal', '12', 'juni', '2020', 'informasi', 'kena', 'link', 'laksana', 'sidang', 'besok', 'ketua', 'majelis', 'uji', 'url', 'terima', 'kasih', 'wassalamualaikum', 'wr', 'wb']"
1895,57,[23/04/20 13.30.46],mahasiswa,"Assalamualaikum Wr.Wb. Pak. Selamat siang dan mohon maaf mengganggu waktu Bapak. Terkait konsultasi dokumen skripsi saya, kira-kira kapan saya dapat berkonsultasi dengan Bapak? Terima kasih PakğŸ™",-1,1.0,57,15,"['assalamualaikum', 'wr', 'wb', 'selamat', 'siang', 'mohon', 'maaf', 'ganggu', 'kait', 'konsultasi', 'dokumen', 'skripsi', 'konsultasi', 'terima', 'kasih']"
33,33,[19/08/20 12.24.51],mahasiswa,"Saya ingin menanyakan juga perihal flowchart, apkah harus detail atau gambaran umumnya saja pak? Terima kasih",1,1.0,32,9,"['perihal', 'diagram alir', 'apkah', 'detail', 'gambar', 'terima', 'kasih']"
1158,16,09/01/20,mahasiswa,"Baik pak, terima kasih pak ğŸ™ğŸ»",1,1.0,5,7,"['terima', 'kasih']"
1002,254,[27/07/20 11.39.44],mahasiswa,"Assalamualaikum Wr.Wb.Bu. Selamat siang, mohon maaf mengganggu waktu Ibu. Sehubungan dengan proses unggah makalah skripsi dan pendaftaran yudisium, saya mau memohon persetujuan Ibu sebagai Dosen Pembimbing 1 saya untuk menandatangani form SC2-16 (Form Persetujuan Revisi), SC2-17 (Form Persetujuan Unggah Makalah Skripsi), serta SC2-18 pada poin 3A dan 4A (Form Persyaratan Yudisium). Berikut saya lampirkan form tersebut. Terima kasih BuğŸ™ Wassalamualaikum Wr.Wb.",1,1.0,254,5,"['assalamualaikum', 'wr', 'wb', 'selamat', 'siang', 'mohon', 'maaf', 'ganggu', 'hubung', 'proses', 'unggah', 'makalah', 'skripsi', 'daftar', 'yudisium', 'mohon', 'tuju', 'dosen', 'bimbing', '1', 'menandatangani', 'form', 'sc2-16', 'form', 'tuju', 'revisi', 'sc2-17', 'form', 'tuju', 'unggah', 'makalah', 'skripsi', 'sc2-18', 'poin', '3a', '4a', 'form', 'syarat', 'yudisium', 'lampir', 'form', 'terima', 'kasih', 'wassalamualaikum', 'wr', 'wb']"
1912,74,[29/04/20 12.45.50],mahasiswa,Baik Pak kalau begitu. Terima kasihğŸ™,1,1.0,74,15,"['terima', 'kasih']"
39,39,[25/08/20 08.24.06],mahasiswa,"Berikut saya lampirkan mengenai dokumennya, terima kasih banyak pak",1,1.0,38,9,"['lampir', 'kena', 'dokumen', 'terima', 'kasih']"
901,153,[14/05/20 11.35.31],dosen,"Oh ya, misalnya kalau sempat nanti coba ditambahkan juga informasi apa saja term-term yang mengandung sentimen positif dan apa saja term-term yang mengandung sentimen negatif.",1,1.0,153,5,"['oh', 'iya', 'coba', 'informasi', 'term', 'kandung', 'sentimen', 'positif', 'term', 'kandung', 'sentimen', 'negatif']"
25,25,[04/08/20 14.07.53],mahasiswa,Sekiranya jam berapa ya pak?,1,1.0,24,9,"['sekira', 'jam', 'iya']"
351,30,18/07/19,dosen,Ok saya jlm,1,1.0,5,13,"['oke', 'jlm']"
584,73,24/11/20,mahasiswa,"Baik pak, terima kasih. Saya juga ingin memberi kabar bahwa dokumen proposal pasca P0 saya sudah diacc oleh Pak [DOSEN]. ",1,1.0,16,3,"['terima', 'kasih', 'kabar', 'dokumen', 'proposal', 'pasca', 'p0', 'diacc', 'dosen']"
753,5,[31/07/19 07.40.23],mahasiswa,"baik bu, terima kasihğŸ™",1,1.0,5,5,"['terima', 'kasih']"
1119,371,[15/09/20 10.02.44],dosen,http://jurnalnasional.ump.ac.id/index.php/JUITA/about/submissions,1,1.0,368,5,['url']
749,1,[31/07/19 07.15.49],dosen,Waalaikumsalam wr wb,1,1.0,1,5,"['waalaikumsalam', 'wr', 'wb']"
462,95,18/11/20,mahasiswa,"Baik pak, terima kasih",1,1.0,30,16,"['terima', 'kasih']"
1335,69,15/2/21,mahasiswa,"Baik Bapak, terima kasih banyak ",1,1.0,26,1,"['terima', 'kasih']"
1102,354,[24/08/20 18.40.14],dosen,mana yang lebih dahulu berhasil.,1,1.0,352,5,['hasil']
1405,69,28/8/20,mahasiswa,Baik Bapak,1,1.0,15,2,[]
27,27,[04/08/20 14.09.53],mahasiswa,"Baik pak, saya rapihkan dulu. Besok saya kirim excel dengan berbagai fitur yang berbeda",1,1.0,26,9,"['rapihkan', 'besok', 'kirim', 'excel', 'fitur', 'beda']"
797,49,[23/03/20 09.45.52],dosen,berapa kelas yang negatif dan berapa yang positif ?,1,1.0,49,5,"['kelas', 'negatif', 'positif']"
1048,300,[19/08/20 16.43.15],dosen,Terima kasih ,1,1.0,299,5,"['terima', 'kasih']"
969,221,[26/06/20 18.31.11],dosen,"[MHS], sudah saya cek, silakan diproses ke tahap selanjutnya ya. Oh ya, dari pas dosen dilihat dulu juga revisinya.",1,1.0,221,5,"['mahasiswa', 'cek', 'sila', 'proses', 'tahap', 'iya', 'oh', 'iya', 'pas', 'dosen', 'lihat', 'revisi']"
704,193,13/1/21,dosen,Baik [MHS],1,1.0,36,3,['mahasiswa']
1871,33,[09/04/20 11.30.44],dosen,"Besok saja ditentukan, nanti saya lihat dokumen skripsinya dulu. Besok siang/sore setelah sholat ashar ya.",1,1.0,33,15,"['besok', 'lihat', 'dokumen', 'skripsi', 'besok', 'siang', 'sore', 'sholat', 'ashar', 'iya']"
1018,270,[27/07/20 12.16.04],dosen,Nanti sebelum disubmit ke SIET diperlihatkan ke saya dulu untuk saya cek ya [MHS],1,1.0,269,5,"['disubmit', 'siet', 'lihat', 'cek', 'iya', 'mahasiswa']"
828,80,[23/03/20 10.12.12],dosen,nanti setelah hasil pengujiannya keluar kita diskusikan kembali,1,1.0,80,5,"['hasil', 'uji', 'diskusi']"
973,225,[26/06/20 20.04.48],mahasiswa,Baik Bu. Terima kasihğŸ™,1,1.0,225,5,"['terima', 'kasih']"
1047,299,[19/08/20 16.26.21],mahasiswa,"Waalaikumsalam Wr.Wb.Bu. Iya baik Bu, besok saya ingatkan.",1,1.0,298,5,"['waalaikumsalam', 'wr', 'wb', 'iya', 'besok']"
1536,200,27/1/21,dosen,*saya sedang fokus review dari yg sudah sidang dan akan yudisium.,1,1.0,45,2,"['fokus', 'ulas', 'sidang', 'yudisium']"
1470,134,14/12/20,mahasiswa,Baik Bapak,1,1.0,32,2,[]
1553,9,23/12/19,mahasiswa,baik pak terima kasihh,1,1.0,2,12,"['terima', 'kasihh']"
1651,107,25/06/20,mahasiswa,baik pak terima kasihh,1,1.0,26,12,"['terima', 'kasihh']"
2,2,[21/02/20 14.39.52],dosen,Wa'alaykumsalam. InsyaAllah hari Selasa siang ya.. Permasalahan apa di appsnya?,1,1.0,2,9,"['wa', 'alaykumsalam', 'insyaallah', 'selasa', 'siang', 'iya', 'appsnya']"
2043,76,08/09/20,mahasiswa,"Baik pak, terima kasih",1,1.0,15,11,"['terima', 'kasih']"
1556,12,26/12/19,mahasiswa,baik pak terima kasih,1,1.0,3,12,"['terima', 'kasih']"
1851,13,[13/12/19 09.32.56],mahasiswa,"Baik pak, terima kasihğŸ™",1,1.0,13,15,"['terima', 'kasih']"
883,135,[07/04/20 14.24.06],dosen,"Boleh,  tak apa",1,1.0,135,5,[]
1025,277,[04/08/20 15.29.07],mahasiswa,Berikut saya lampirkan draft untuk SIET Bu :,1,1.0,276,5,"['lampir', 'draft', 'siet']"
1305,39,23/10/20,mahasiswa,Baik Bapak,1,1.0,12,1,[]
978,230,â€[03/07/20 12.36.59],mahasiswa,<DOC>,1,1.0,230,5,['doc']
1995,28,22/05/20,mahasiswa,"baik pak, terimakasih untuk informasinya",1,1.0,7,11,"['terima kasih', 'informasi']"
568,57,18/11/20,mahasiswa,"Baik pak kalau begitu, terima kasih. ",1,1.0,12,3,"['terima', 'kasih']"
563,52,16/11/20,mahasiswa,Baik pak kalau begitu. Terima kasih atas perhatiannya. Akan segera saya kirimkan.,1,1.0,10,3,"['terima', 'kasih', 'perhati', 'kirim']"
2010,43,17/07/20,mahasiswa,"Baik pak, terimakasih",1,1.0,9,11,['terima kasih']
1007,259,[27/07/20 12.07.52],mahasiswa,Iya BuğŸ™,1,1.0,259,5,['iya']
855,107,[31/03/20 05.42.51],mahasiswa,Oh iya baik Bu kalau begitu. Terima kasihğŸ™,1,1.0,107,5,"['oh', 'iya', 'terima', 'kasih']"
1540,204,10/2/21,mahasiswa,"Baik Bapak, terima kasih banyak ",1,1.0,47,2,"['terima', 'kasih']"
813,65,[23/03/20 09.59.00],mahasiswa,oh iya baik bu,1,1.0,65,5,"['oh', 'iya']"
1067,319,[21/08/20 08.31.05],mahasiswa,Iya baik Bu hehe,1,1.0,317,5,"['iya', 'hehe']"
1911,73,[29/04/20 12.45.20],dosen,"InsyaAllah nanti sekitar jam 16, dengan daring saja ya.",-1,1.0,73,15,"['insyaallah', 'jam', '16', 'daring', 'iya']"
950,202,[25/06/20 13.05.29],dosen,[MHS] saya minta lampiran dari penguji juga ya.ğŸ˜€,1,1.0,202,5,"['mahasiswa', 'lampir', 'uji', 'iya']"
1136,388,[06/10/20 11.47.52],dosen,"kalau tidak, iya, menunggu dipublish di JPTIIK",1,1.0,385,5,"['iya', 'tunggu', 'dipublish', 'jptiik']"
587,76,25/11/20,mahasiswa,"Baik pak, terima kasih atas pertimbangannya.  Untuk poin satu dan poin lainnya dari email bapak akan segera lakukan.  Mohon maaf sebelumnya, saya ingin memastikan beberapa hal dari poin bapak: dari poin 2, jadi dikarenakan pengujian sekuensial, partisipan hanya perlu melabeli data sesuai atau tidak dengan masing2 query hanya satu kali saja ya pak? semisal ada 300 data dan 5 query, partisipan hanya perlu menilai apakah masing2 artikel relevan terhadap masing2 query dari 5 query yng diuji.  poin 5, jadi jika mengambil contoh skripsi saya, berarti hasil pengujian nilai k akan digunakan untuk pengujian hidden neuronn dan hasil pengujian hidden akan digunakan pada pengujian perbandingan implementasi word2vec dan tidak dengan word2vec. Apakah hal tersebut benar pak? ",1,-1.0,17,3,"['terima', 'kasih', 'timbang', 'poin', 'poin', 'email', 'laku', 'mohon', 'maaf', 'poin', 'poin', '2', 'uji', 'sekuensial', 'partisipan', 'label', 'data', 'sesuai', 'kueri', 'kali', 'iya', '300', 'data', '5', 'kueri', 'partisipan', 'nilai', 'artikel', 'relevan', 'hadap', 'kueri', '5', 'kueri', 'uji', 'poin', '5', 'ambil', 'contoh', 'skripsi', 'arti', 'hasil', 'uji', 'nilai', 'k', 'uji', 'hidden', 'neuronn', 'hasil', 'uji', 'hidden', 'uji', 'banding', 'implementasi', 'word2vec', 'word2vec']"
836,88,[30/03/20 09.39.28],mahasiswa,Assalamualaikum Wr.Wb Bu [DOSEN]. Selamat pagi dan mohon maaf mengganggu. Saya mau menanyakan kira-kira kapan saya bisa berdiskusi dengan Ibu terkait bimbingan skripsi saya? Terima kasih BuğŸ™,1,-1.0,88,5,"['assalamualaikum', 'wr', 'wb', 'dosen', 'selamat', 'pagi', 'mohon', 'maaf', 'ganggu', 'diskus', 'kait', 'bimbing', 'skripsi', 'terima', 'kasih']"
419,52,24/09/20,mahasiswa,"Assalamualaikum, Selamat siang pak, maaf menganggu, saya [MHS], mahasiswa Teknik Informatika angkatan 2016, apakah bapak pada hari ini ada waktu kosong? Saya ingin meminta waktu bapak untuk memberikan penilaian, untuk bisa melengkapi penilaian pada tahap P2 terkait Skripsi saya yang berjudul ""Pengembangan Domain Specific Language pada Aplikasi CRUD berbasis Web"", berikut ini saya lampirkan skripsi saya, yang sudah mencapai bab 7, Terimakasih",1,-1.0,21,16,"['assalamualaikum', 'selamat', 'siang', 'maaf', 'menganggu', 'mahasiswa', 'mahasiswa', 'teknik', 'informatika', 'angkat', '2016', 'kosong', 'nilai', 'lengkap', 'nilai', 'tahap', 'p2', 'kait', 'skripsi', 'judul', 'kembang', 'domain', 'specific', 'language', 'aplikasi', 'crud', 'bas', 'web', 'lampir', 'skripsi', 'capai', 'bab', '7', 'terima kasih']"
1318,52,14/1/21,mahasiswa,Assalamualaikum Wr Wb Pak [DOSEN]. Saya [MHS] dari TIF 17. Ingin meminta verifikasi  evaluasi pada filkom apps. Terina kasih banyak Bapak,1,-1.0,22,1,"['assalamualaikum', 'wr', 'wb', 'dosen', 'mahasiswa', 'teknik informatika', '17', 'verifikasi', 'evaluasi', 'filkom', 'apps', 'ina', 'kasih']"
410,43,19/08/20,mahasiswa,"Assalamualaikum, Selamat siang pak, maaf menganggu, saya [MHS], mahasiswa Teknik Informatika angkatan 2016, apakah bapak pada hari ini ada waktu kosong? Saya ingin meminta waktu bapak untuk memberikan verifikasi untuk tahap P2 terkait Skripsi saya yang berjudul ""Pengembangan Domain Specific Language pada Aplikasi CRUD berbasis Web"", saat ini progress Skripsi saya sudah dalam Pengujian, dan akan masuk ke bab 7, Terimakasih",1,-1.0,16,16,"['assalamualaikum', 'selamat', 'siang', 'maaf', 'menganggu', 'mahasiswa', 'mahasiswa', 'teknik', 'informatika', 'angkat', '2016', 'kosong', 'verifikasi', 'tahap', 'p2', 'kait', 'skripsi', 'judul', 'kembang', 'domain', 'specific', 'language', 'aplikasi', 'crud', 'bas', 'web', 'progres', 'skripsi', 'uji', 'masuk', 'bab', '7', 'terima kasih']"
837,89,[30/03/20 09.39.42],dosen,Waalaikumsalam wr wb,1,-1.0,89,5,"['waalaikumsalam', 'wr', 'wb']"
81,81,[08/12/20 09.33.09,mahasiswa,<DOC>,1,-1.0,80,9,['doc']
839,91,[30/03/20 09.40.00],dosen,tapi via online ya,1,-1.0,91,5,"['via', 'online', 'iya']"
1947,109,[01/07/20 15.30.40],mahasiswa,"Assalamualaikum Wr.Wb. Pak. Selamat sore, mohon maaf menggangu waktu Bapak. Terkait dokumen revisi skripsi saya setelah sidang bagaimana Pak? Apakah ada yg perlu saya perbaiki lagi atau sudah cukup? Terima kasihğŸ™ Wassalamualaikum Wr.Wb.",1,-1.0,109,15,"['assalamualaikum', 'wr', 'wb', 'selamat', 'sore', 'mohon', 'maaf', 'menggangu', 'kait', 'dokumen', 'revisi', 'skripsi', 'sidang', 'terima', 'kasih', 'wassalamualaikum', 'wr', 'wb']"
0,0,[14/02/20 13.08.01],mahasiswa,"Assalamuâ€™alaikum Pak [DOSEN], perkenalkan saya [MHS] dari Informatika 2016. Saya mahasiswa bimbingan skripsi bapak yang mengajukan topik mengenai omzet rumah makan. Saya ingin memberitahukan bahwa saya sudah mengupload praproposal pada filkom apps. Mohon maaf jika ada salah kata dan mengganggu waktu bapak. Terima kasih",1,-1.0,0,9,"['assalamu', 'alaikum', 'dosen', 'kenal', 'mahasiswa', 'informatika', '2016', 'mahasiswa', 'bimbing', 'skripsi', 'aju', 'topik', 'kena', 'omzet', 'rumah', 'makan', 'memberitahukan', 'mengupload', 'praproposal', 'filkom', 'apps', 'mohon', 'maaf', 'salah', 'ganggu', 'terima', 'kasih']"
758,10,[08/10/19 15.08.49],dosen,https://www.researchgate.net/publication/267869238_Towards_Reliable_Clustering_of_English_Text_Documents_Using_Correlation_Coefficient,1,-1.0,10,5,['url']
110,110,[22/12/20 12.56.21],mahasiswa,"Terima kasih pak sudah di P2kan, dan saya sudah melapor ke pak dosen untuk penilaian P2 dan beliau sudah melakukannya pak. Saat ini masih dibutuhkan untuk verifikasi dari bapak. Mohon maaf mengganggu waktunya pak ",1,-1.0,109,9,"['terima', 'kasih', 'p2kan', 'lapor', 'dosen', 'nilai', 'p2', 'beliau', 'laku', 'butuh', 'verifikasi', 'mohon', 'maaf', 'ganggu']"
2175,23,11/20/20 ,mahasiswa,"Assalamualaikum Wr. Wb., Pak. Mohon maaf mengganggu waktunya. Saya [MHS] mahasiswa Teknik Informatika angkatan 2017, dengan pak [DOSEN] sebagai dosen pembimbing 2 saya. Mohon izin Pak untuk menyampaikan pengerjaan skripsi saya dan bimbingan pada hari ini. Perihal dokumen skripsi, saya sudah menyelesaikannya hingga BAB 4 Pak, untuk pengecekan terkait penulisan apakah boleh saya kirimkan skripsi saya ke Bapak? Mohon maaf bila ada salah kata Pak, terima kasih, Wassalamualaikum Wr. Wb. ğŸ™",1,-1.0,7,0,"['assalamualaikum', 'wr', 'wb', 'mohon', 'maaf', 'ganggu', 'mahasiswa', 'mahasiswa', 'teknik', 'informatika', 'angkat', '2017', 'dosen', 'dosen', 'bimbing', '2', 'mohon', 'izin', 'kerja', 'skripsi', 'bimbing', 'perihal', 'dokumen', 'skripsi', 'selesai', 'bab', '4', 'kece', 'kait', 'tulis', 'kirim', 'skripsi', 'mohon', 'maaf', 'salah', 'terima', 'kasih', 'wassalamualaikum', 'wr', 'wb']"
111,111,[22/12/20 12.59.55],dosen,Ok,1,-1.0,110,9,['oke']
1803,37,11/17/20,mahasiswa,"Baik Pak. Saya coba membuat bagian latar belakang dan metode yang saya gunakan terlebih dahulu untuk dapat dimasukkan ke bagian abstrak. Kemudian mohon maaf Pak, izin bertanya terkait P1. Untuk P1nya sendiri, Apakah saya tidak perlu melakukan presentasi ke Bapak atau terdapat pilihan lain agar dapat melakukan P1 kepada Bapak?",1,-1.0,6,4,"['coba', 'latar', 'metode', 'masuk', 'abstrak', 'mohon', 'maaf', 'izin', 'kait', 'p1', 'p1nya', 'laku', 'presentasi', 'pilih', 'laku', 'p1']"
251,124,04/08/20,mahasiswa,<DOC>,1,-1.0,19,10,['doc']
1788,22,10/22/20,mahasiswa,Saya mohon bimbingan dari Bapak apabila terdapat saran atau revisi terkait proposal saya. Terima kasih Pak .,1,-1.0,4,4,"['mohon', 'bimbing', 'saran', 'revisi', 'kait', 'proposal', 'terima', 'kasih']"
1591,47,21/02/20,mahasiswa,"Selamat siang pak. Untuk menginformasikan saja, proposal skripsi saya sudah diupload di filkomapps yaa pak. Terima kasih pak sekali lagi atas bantuannya.. ",1,-1.0,12,12,"['selamat', 'siang', 'informasi', 'proposal', 'skripsi', 'diupload', 'filkomapps', 'yaa', 'terima', 'kasih', 'bantu']"
8,8,[25/02/20 15.02.47],mahasiswa,"Assalamuâ€™alaikum Pak [DOSEN], saya  mahasiswa bimbingan skripsi bapak. Saya ingin menanyakan apakah hari ini saya bisa bimbingan ke bapak? Mohon maaf bila ada salah kata dan mengganggu waktu bapak. Terima kasih",1,-1.0,8,9,"['assalamu', 'alaikum', 'dosen', 'mahasiswa', 'bimbing', 'skripsi', 'bimbing', 'mohon', 'maaf', 'salah', 'ganggu', 'terima', 'kasih']"
2168,16,11/3/20,dosen,"Ok, silahkan nnt jk sudah dapat justifikasinya bisa ditambahkan",1,-1.0,3,0,"['oke', 'silah', 'justifikasi']"
180,53,25/06/20,mahasiswa,terima kasih bu..,1,-1.0,8,10,"['terima', 'kasih']"
2118,2,28/09/20,dosen,sebelum proposal,1,-1.0,0,6,['proposal']
1921,83,[04/05/20 14.27.53],mahasiswa,<DOC>,1,-1.0,83,15,['doc']
2082,115,18/11/20,mahasiswa,<DOC>,1,-1.0,24,11,['doc']
757,9,[08/10/19 15.08.28],dosen,http://www.statstutor.ac.uk/resources/uploaded/coventrycorrelation.pdf,1,-1.0,9,5,['url']
1916,78,[30/04/20 13.17.15],mahasiswa,<DOC>,1,-1.0,78,15,['doc']
762,14,[08/10/19 15.12.17],dosen,https://towardsdatascience.com/running-pearson-correlation-using-magicstat-6aa8dd4c39,1,-1.0,14,5,['url']
1859,21,[30/12/19 08.55.17],mahasiswa,Dengan pembimbing 1 sudah P2 minggu lalu Pak.,1,-1.0,21,15,"['bimbing', '1', 'p2', 'minggu']"
859,111,[01/04/20 13.50.15],mahasiswa,"Assalamualaikum Wr.Wb.Bu. Saya sudah melihat fitur ekstraksi dari hasil seleksi fitur. Kebanyakan memang fitur yang tidak penting, meskipun ada beberapa fitur penting yang ikut masuk. Kemudian saya mencoba memberi batasan beberapa fitur teratas. Seleksi fitur 55% teratas mendapatkan hasil akurasi sebesar 91%, artinya lebih banyak daripada seleksi fitur secara keseluruhan. Saya juga sudah membuat tabel pengujian Bu, berikut saya lampirkan.",1,-1.0,111,5,"['assalamualaikum', 'wr', 'wb', 'lihat', 'fitur', 'ekstraksi', 'hasil', 'seleksi', 'fitur', 'fitur', 'fitur', 'masuk', 'coba', 'batas', 'fitur', 'seleksi', 'fitur', '55', 'hasil', 'akurasi', '91', 'arti', 'seleksi', 'fitur', 'tabel', 'uji', 'lampir']"
1933,95,[20/05/20 13.18.45],mahasiswa,"Assalamualikum Wr.Wb.Pak. Selamat siang, mohon maaf mengganggu waktu Bapak. Saya mau menginfokan jika saya sudah mengajukan pendaftaran semhas pada filkomapps Pak. Oleh karena itu saya mohon persetujuan Bapak sebagai pembimbing 2 untuk memverifikasi filkomapps saya. Terima kasih PakğŸ™",1,-1.0,95,15,"['assalamualikum', 'wr', 'wb', 'selamat', 'siang', 'mohon', 'maaf', 'ganggu', 'informasi', 'aju', 'daftar', 'seminar hasil', 'filkomapps', 'mohon', 'tuju', 'bimbing', '2', 'verifikasi', 'filkomapps', 'terima', 'kasih']"
426,59,16/10/20,mahasiswa,"Assalamualaikum, selamat pagi pak, maaf mengganggu waktunya, ingin memberi informasi bahwa skripsi saya sudah mencapai bab 1-7, dan saya juga sudah membuat jurnal untuk skripsi saya, untuk tahap P2, apakah bapak sekiranya ada waktu untuk bisa memberikan verifikasi penilaian dalam Filkom Apps, mengingat dari pak dosen sendiri selaku dosen pembimbing 1 sudah memberikan penilaian pada tahap P2 saya, pada bulan Agustus kemarin, Terima kasih",1,-1.0,24,16,"['assalamualaikum', 'selamat', 'pagi', 'maaf', 'ganggu', 'informasi', 'skripsi', 'capai', 'bab', '1-7', 'jurnal', 'skripsi', 'tahap', 'p2', 'sekira', 'verifikasi', 'nilai', 'filkom', 'apps', 'dosen', 'dosen', 'bimbing', '1', 'nilai', 'tahap', 'p2', 'agustus', 'kemarin', 'terima', 'kasih']"
1962,124,[21/07/20 09.49.20],mahasiswa,"Assalamualaikum Wr.Wb. Pak. Selamat pagi, mohon maaf mengganggu waktu Bapak. Sebelumnya saya sudah mengupload dokumen akhir skripsi saya pada filkom apps, untuk itu saya mohon verifikasi Bapak sebagai Dosen Pembimbing 2 saya agar saya bisa melanjutkan proses selanjutnya. Terima kasih Pak. Wassalamualaikum Wr.Wb.",1,-1.0,124,15,"['assalamualaikum', 'wr', 'wb', 'selamat', 'pagi', 'mohon', 'maaf', 'ganggu', 'mengupload', 'dokumen', 'skripsi', 'filkom', 'apps', 'mohon', 'verifikasi', 'dosen', 'bimbing', '2', 'proses', 'terima', 'kasih', 'wassalamualaikum', 'wr', 'wb']"
840,92,[30/03/20 09.40.29],dosen,kalau mau sync via Google meet atau Skype InsyaAllah besok ya. Waktunya tentatif sementara,1,-1.0,92,5,"['sync', 'via', 'google', 'meet', 'skype', 'insyaallah', 'besok', 'iya', 'tentatif']"
79,79,[07/12/20 12.15.44],mahasiswa,"Sesuai dengan fitur yg saya ambil pak. Misalkan saya menggunakan 3 fitur, maka data saya kurangi 3 agar menghindari kekosongan data",1,-1.0,78,9,"['sesuai', 'fitur', 'ambil', '3', 'fitur', 'data', '3', 'hindar', 'kosong', 'data']"
603,92,3/12/20,mahasiswa,"Selamat sore Pak [DOSEN]. Mohon maaf menggangu. Saya [MHS], salah satu mahasiswa bimbingan skripsi bapak.  Saya ingin memberi kabar bahwa saya baru saja melakukan progress P1 skripsi kepada Pak [DOSEN]. Berikut poin2 revisi yang diberikan: 1. word2vec tidak dilakukan filtering dan stemming karena akan mengubah konteks kata. --> Jadi akan saya revisi sedikit kode programnya. 2. Penulisan flowchart yang masih salah diperbaiki, sperti penulisan kode di dalam flowchart, kata loop dalam looping dihapus saja. 3. Penulisan penyebutan tabel harus selalu disertakan ""Tabel"" sebelum angkanya. 4. Perancangan pengujian seharusnya k itu tidak diuji dan jika ingin menguji metode word2vec tidak hanya parameter hidden neuron saja, tetapi harus juga menguji semua parameter seperti window size, learning rate, epoch, dll. Namun tidak disarankan karena dengan pengalaman saya membimbing itu akan memakan waktu karena variabel word2vec tidak sedikit jika ingin dioptimasi. Bicarakan lagi dengan pembimbing 1 kelanjutannya bagaimana.  Ada beberapa hal yang ingin saya diskusikan: 1. Dari poin nomor 4, apakah diperbolehkan jika skripsi saya tidak menguji optimasi word2vec pak? Jadi pada rumusan masalah saya hanya akan mencari precision recall @k dari program yang dibuat dan besaran perbedaan jika tidak menggunakan word2vec. Nilai k akan saya tentukan pada tahap implementasi yang menggunakan dataset dummy. Lalu, nilai k dengan precision recall tertinggi pada tahap implementasi akan saya bawa ke tahap pengujian di mana nilai k akan digunakan untuk perhitungan precision recall @k program yang menggunakan dataset asli. Hal ini dilakukan agar nilai variabel k yang saya bawa ke pengujian tidak mengada-ada tetapi berdasarkan kalibrasi yang dilakukan terhadap dataset dummy. Apakah hal tersebut diperbolehkan dalam skripsi ini pak?  2. Jika poin 1 diperbolehkan, rumusan masalah yang mencari nilai k dan hidden neuron saya hapus dan menyisakan rumusan masalah mencari tahu nilai precision recall @K dari program dan perbandingan precision recall @k dengan implementasi tanpa word2vec. Di mana, hal tersebut akan mengubah skenario pengujian saya hanya menguji 2 skenario, yaitu (1) hasil precision@k dan recall @k pada program dengan dataset artikel covid-19 bulan oktober 2020 dan (2) Mencari tahu besaran perbedaan precision recall @k dari program yang tidak menggunakan word2vec. Apakah hal tersebut diperbolehkan atau bagaimana sekiranya jalan tengah agar hal tersebut bisa diterima?  3. Apakah kode bab 5 sudah harus dalam bentuk microsoft addins pak?  Sekian yang ingin saya sampaikan. Jika ada salah kata, saya mohon maaf.  Salam, [MHS] ",1,-1.0,22,3,"['selamat', 'sore', 'dosen', 'mohon', 'maaf', 'menggangu', 'mahasiswa', 'salah', 'mahasiswa', 'bimbing', 'skripsi', 'kabar', 'laku', 'progres', 'p1', 'skripsi', 'dosen', 'poin2', 'revisi', '1', 'word2vec', 'laku', 'filtering', 'stemming', 'ubah', 'konteks', '--', 'revisi', 'kode', 'program', '2', 'tulis', 'diagram alir', 'salah', 'tulis', 'kode', 'diagram alir', 'perulangan', 'looping', 'hapus', '3', 'tulis', 'tabel', 'tabel', 'angka', '4', 'ancang', 'uji', 'k', 'uji', 'uji', 'metode', 'word2vec', 'parameter', 'hidden', 'neuron', 'uji', 'parameter', 'window', 'size', 'learning', 'rate', 'epoch', 'dan lain-lain', 'saran', 'alam', 'bimbing', 'makan', 'variabel', 'word2vec', 'dioptimasi', 'bicara', 'bimbing', '1', 'diskusi', '1', 'poin', 'nomor', '4', 'skripsi', 'uji', 'optimasi', 'word2vec', 'rumus', 'cari', 'precision', 'recall', 'k', 'program', 'beda', 'word2vec', 'nilai', 'k', 'tahap', 'implementasi', 'dataset', 'dummy', 'nilai', 'k', 'precision', 'recall', 'tahap', 'implementasi', 'bawa', 'tahap', 'uji', 'nilai', 'k', 'hitung', 'precision', 'recall', 'k', 'program', 'dataset', 'asli', 'laku', 'nilai', 'variabel', 'k', 'bawa', 'uji', 'dasar', 'kalibrasi', 'laku', 'hadap', 'dataset', 'dummy', 'skripsi', '2', 'poin', '1', 'rumus', 'cari', 'nilai', 'k', 'hidden', 'neuron', 'hapus', 'sisa', 'rumus', 'cari', 'nilai', 'precision', 'recall', 'k', 'program', 'banding', 'precision', 'recall', 'k', 'implementasi', 'word2vec', 'ubah', 'skenario', 'uji', 'uji', '2', 'skenario', '1', 'hasil', 'email', 'recall', 'k', 'program', 'dataset', 'artikel', 'covid-19', 'oktober', '2020', '2', 'cari', 'beda', 'precision', 'recall', 'k', 'program', 'word2vec', 'sekira', 'jalan', 'terima', '3', 'kode', 'bab', '5', 'bentuk', 'microsoft', 'add-ins', 'sekian', 'salah', 'mohon', 'maaf', 'salam', 'mahasiswa']"
845,97,[30/03/20 09.44.54],mahasiswa,iya Bu tidak apa-apa,1,-1.0,97,5,['iya']
842,94,[30/03/20 09.41.24],mahasiswa,"oh iya baik bu, kalau begitu via WA saja ya bu",1,-1.0,94,5,"['oh', 'iya', 'via', 'wa', 'iya']"
724,13,8/12/2020,mahasiswa,"Assalamualaikum Wr.Wb.Pak. Selamat siang, mohon maaf mengganggu waktu Bapak. Perkenalkan saya [MHS] mahasiswi bimbingan skripsi Bapak. Maksud saya menghubungi Bapak yaitu ingin menginfokan bahwa skripsi saya sudah di P1 kan oleh pembimbing 1 Pak. Sekarang status skripsi saya menunggu penilaian dari pembimbing 2 Pak. Dan saya sudah mengirimkan video presentasi P1 sebagai bahan penilaian P1 saya. Terimakasih Pak , mohon maaf jika terdapat salah kata pak. Wassalamualaikum Wr.Wb.",1,-1.0,3,8,"['assalamualaikum', 'wr', 'wb', 'selamat', 'siang', 'mohon', 'maaf', 'ganggu', 'kenal', 'mahasiswa', 'mahasiswi', 'bimbing', 'skripsi', 'maksud', 'hubung', 'informasi', 'skripsi', 'p1', 'bimbing', '1', 'status', 'skripsi', 'tunggu', 'nilai', 'bimbing', '2', 'kirim', 'video', 'presentasi', 'p1', 'bahan', 'nilai', 'p1', 'terima kasih', 'mohon', 'maaf', 'salah', 'wassalamualaikum', 'wr', 'wb']"
2183,31,12/21/20 ,mahasiswa,<DOC>,1,-1.0,9,0,['doc']
1180,38,28/07/20,mahasiswa,"Mohon maaf Bapak untuk codingan masihh belum 100% selesai pak. Dan untuk presentasi P1 apakah berbeda dengan PPT yang pernah saya kirim ke email bapak yaitu berisi bab 1 hingga bab 4 Pak ? Lalu saya ingin bertanya pak mengenai batas skripsi semester ini kan tanggal 30 juli dan informasi yang saya dapat dengan minimal sudah melakukan p1 bisa melanjutkan skripsi di semester berikutnya. Jika codingan saya insyaAllah minggu depan saya konsultasikan ke Bapak, apakah saya masih bisa melanjutkan skripsi saya di semester berikutnya pak? Terimakasih Pak  ğŸ™ğŸ»",1,-1.0,12,7,"['mohon', 'maaf', 'codingan', 'masihh', '100', 'selesai', 'presentasi', 'p1', 'beda', 'power point', 'kirim', 'email', 'isi', 'bab', '1', 'bab', '4', 'kena', 'batas', 'skripsi', 'semester', 'tanggal', '30', 'juli', 'informasi', 'minimal', 'laku', 'p1', 'skripsi', 'semester', 'codingan', 'insyaallah', 'minggu', 'konsultasi', 'skripsi', 'semester', 'terima kasih']"
1953,115,â€[01/07/20 16.26.21],mahasiswa,<DOC>,1,-1.0,115,15,['doc']
424,57,14/10/20,mahasiswa,"Pak, saya ingin bertanya, untuk tahap P2, apakah bapak bisa kiranya melengkapi penilaian dalam filkom apps? Terima kasih",1,-1.0,22,16,"['tahap', 'p2', 'lengkap', 'nilai', 'filkom', 'apps', 'terima', 'kasih']"
383,16,23/07/20,mahasiswa,"Kosar, T., Oliveira, N., Mernik, M., Pereira, V. J., ÄŒrepinÅ¡ek, M., & Da, C. D.,2015. Comparing general-purpose and domain-specific languages: An empirical study. Computer Science and Information Systems, 247-264.",1,-1.0,7,16,"['kosar', 'oliveira', 'mernik', 'pereira', 'v', 'j', 'repin', 'ek', 'da', 'c', '2015', 'comparing', 'general-purpose', 'domain-specific', 'languages', 'empirical', 'study', 'computer', 'science', 'information', 'systems', '247-264']"
760,12,[08/10/19 15.11.44],dosen,https://medium.com/@SilentFlame/pearson-correlation-a-mathematical-understanding-c9aa686113cb,1,-1.0,12,5,['url']
82,82,[08/12/20 09.34.21],mahasiswa,Saya ingin menanyakan mengenai pengujian. Apakah jika saya ingin membandingkan antara metode relm dengan metode elm biasa pada bagian flowchart maupun implementasi harus menampilkan metode elm juga pak? Terima kasih,1,-1.0,81,9,"['kena', 'uji', 'banding', 'metode', 'relm', 'metode', 'elm', 'diagram alir', 'implementasi', 'tampil', 'metode', 'elm', 'terima', 'kasih']"
375,8,22/07/20,mahasiswa,"Assalamualaikum, Selamat pagi pak, maaf menganggu, saya [MHS], mahasiswa Teknik Informatika angkatan 2016, apakah bapak pada hari ini ada waktu kosong? Saya ingin melakukan konsultasi terkait Skripsi saya yang berjudul ""Pengembangan Domain Specific Language pada Aplikasi CRUD Berbasis Web"" untuk persiapan menuju P2. Terima kasih",1,-1.0,6,16,"['assalamualaikum', 'selamat', 'pagi', 'maaf', 'menganggu', 'mahasiswa', 'mahasiswa', 'teknik', 'informatika', 'angkat', '2016', 'kosong', 'laku', 'konsultasi', 'kait', 'skripsi', 'judul', 'kembang', 'domain', 'specific', 'language', 'aplikasi', 'crud', 'bas', 'web', 'tuju', 'p2', 'terima', 'kasih']"
838,90,[30/03/20 09.39.53],dosen,Silakan kalau mau diskusi mbak ,1,-1.0,90,5,"['sila', 'diskusi', 'mbak']"
2198,14,22/12/2020,mahasiswa,"Assalamualaikum wr.wb, Selamat siang Pak [DOSEN], mohon maaf menggangu waktunya. Saya [MHS] sebagai mahasiswa bimbingan Bapak untuk pembimbing 2 nya Pak. Saya ingin menyampaikan progress pengerjaan skripsi saya saat ini sampai pada proses masuk ke Bab 6. Saya mau bertanya terkait pelaksanaan P2 nya. Apakah masih sempat jika dilakukan dalam semester ini Pak? Atau kah saya harus melanjutkan untuk P2 ke semester depan ya Pak? Terima kasih Pak ğŸ™ğŸ»",1,-1.0,5,14,"['assalamualaikum', 'wr', 'wb', 'selamat', 'siang', 'dosen', 'mohon', 'maaf', 'menggangu', 'mahasiswa', 'mahasiswa', 'bimbing', 'bimbing', '2', 'nya', 'progres', 'kerja', 'skripsi', 'proses', 'masuk', 'bab', '6', 'kait', 'laksana', 'p2', 'nya', 'laku', 'semester', 'kah', 'p2', 'semester', 'iya', 'terima', 'kasih']"
384,17,29/07/20,mahasiswa,"Assalamualaikum, Selamat siang pak, maaf menganggu, saya [MHS], mahasiswa Teknik Informatika angkatan 2016, Saya ingin meminta waktu kesediaan bapak untuk bisa melakukan verifikasi terhadap tahap P2 pada skripsi saya yang berjudul ""Pengembangan Domain Specific Language pada Aplikasi CRUD berbasis Web"" dalam Filkom Apps, Terimakasih",1,-1.0,8,16,"['assalamualaikum', 'selamat', 'siang', 'maaf', 'menganggu', 'mahasiswa', 'mahasiswa', 'teknik', 'informatika', 'angkat', '2016', 'sedia', 'laku', 'verifikasi', 'hadap', 'tahap', 'p2', 'skripsi', 'judul', 'kembang', 'domain', 'specific', 'language', 'aplikasi', 'crud', 'bas', 'web', 'filkom', 'apps', 'terima kasih']"
47,47,[16/10/20 10.35.03],dosen,Wa'alaykumsalam. Pembimbing 2 nya siapa?,1,-1.0,46,9,"['wa', 'alaykumsalam', 'bimbing', '2', 'nya']"
1001,253,[22/07/20 11.06.22],mahasiswa,"Assalamualaikum Wr.Wb.Bu. Selamat siang, mohon maaf mengganggu waktu Ibu. Saya mau memohon persetujuan Ibu sebagai Dosen Pembimbing 1 saya untuk melanjutkan proses pendaftaran yudisium saya, oleh karena itu saya mengharap tandatangan digital Ibu pada form SC2-16, SC2-17, serta SC2-18 (poin 3A dan 4A). Terima kasih BuğŸ™ Wassalamualaikum Wr.Wb. ",1,-1.0,253,5,"['assalamualaikum', 'wr', 'wb', 'selamat', 'siang', 'mohon', 'maaf', 'ganggu', 'mohon', 'tuju', 'dosen', 'bimbing', '1', 'proses', 'daftar', 'yudisium', 'harap', 'tandatangan', 'digital', 'form', 'sc2-16', 'sc2-17', 'sc2-18', 'poin', '3a', '4a', 'terima', 'kasih', 'wassalamualaikum', 'wr', 'wb']"
1902,64,â€[24/04/20 12.53.17],mahasiswa,<DOC>,1,-1.0,64,15,['doc']
1955,117,[02/07/20 13.34.57],mahasiswa,"Assalamualaikum Wr.Wb. Pak. Selamat siang, mohon maaf mengganggu waktu Bapak. Terkait revisi saya yg sudah saya berikan sebelumnya bagaimana ya Pak? Apakah sudah cukup atau perlu perbaiki lagi? Terima kasihğŸ™ Wassalamualaikum Wr.Wb.",-1,-1.0,117,15,"['assalamualaikum', 'wr', 'wb', 'selamat', 'siang', 'mohon', 'maaf', 'ganggu', 'kait', 'revisi', 'ikan', 'iya', 'terima', 'kasih', 'wassalamualaikum', 'wr', 'wb']"
1887,49,[20/04/20 09.35.16],mahasiswa,"Assalamualaikum Wr.Wb. Pak. Selamat pagi dan mohon maaf mengganggu. Terkait revisi dokumen skripsi saya, kira-kira kapan saya dapat berkonsultasi dengan Bapak lagi mengenai penulisan dokumen skripsi saya? Terima kasih PakğŸ™",1,-1.0,49,15,"['assalamualaikum', 'wr', 'wb', 'selamat', 'pagi', 'mohon', 'maaf', 'ganggu', 'kait', 'revisi', 'dokumen', 'skripsi', 'konsultasi', 'kena', 'tulis', 'dokumen', 'skripsi', 'terima', 'kasih']"
761,13,[08/10/19 15.11.45],dosen,https://medium.com/@sebastiannorena/finding-correlation-between-many-variables-multidimensional-dataset-with-python-5deb3f39ffb3,1,-1.0,13,5,['url']
1826,60,1/11/21,mahasiswa,Assalamualaikum Wr. Wb. Selamat pagi Pak [DOSEN]. Mohon maaf mengganggu waktu Bapak. Sebelumnya mohon maaf Pak. Izin mengingatkan kembali bahwa pada hari ini terdapat sidang dari skripsi saya Pak. Mohon maaf jika terdapat salah kata. Terima kasih banyak Pak [DOSEN].,-1,-1.0,11,4,"['assalamualaikum', 'wr', 'wb', 'selamat', 'pagi', 'dosen', 'mohon', 'maaf', 'ganggu', 'mohon', 'maaf', 'izin', 'sidang', 'skripsi', 'mohon', 'maaf', 'salah', 'terima', 'kasih', 'dosen']"
1861,23,[30/12/19 14.09.09],mahasiswa,"Assalamualaikum Wr.Wb, Pak. Mohon maaf Pak, untuk P2 logbook dari pembimbing 1 sudah memenuhi. Namun, logbook dari Bapak masih belum memenuhi, sehingga belum bisa proses P2 pda filkom apps. Bagaimana ya Pak? Karena mengingat hari ini batas akhir P2. Terima kasih Pak. Maaf mengganggu sebelumnyağŸ™",1,-1.0,23,15,"['assalamualaikum', 'wr', 'wb', 'mohon', 'maaf', 'p2', 'logbook', 'bimbing', '1', 'penuh', 'logbook', 'penuh', 'proses', 'p2', 'pda', 'filkom', 'apps', 'iya', 'batas', 'p2', 'terima', 'kasih', 'maaf', 'ganggu']"
2098,131,17/12/20,mahasiswa,"Assalamualaikum pak [DOSEN], selamat sore, maaf menganggu waktunya, saya ingin menyampaikan bahwa saya sudah melakukan upload file dokumen akhir skripsi pada filkom apps, dan saya ingin meminta bapak untuk memberikan persetujuan dalam apps tersebut, terima kasih.",1,-1.0,30,11,"['assalamualaikum', 'dosen', 'selamat', 'sore', 'maaf', 'menganggu', 'laku', 'unggah', 'dokumen', 'dokumen', 'skripsi', 'filkom', 'apps', 'tuju', 'apps', 'terima', 'kasih']"
1314,48,17/12/20,mahasiswa,"Assalamualaikum Wr Wb, selamat siang Pak [DOSEN]. Saya [MHS] dari TIF 17. Pada Filkom apps untuk verifikasi P2 menunggu dari persetujuan Bapak, sekiranya apakah Bapak bersedia untuk validasi? Terima kasih banyak Bapak ",1,-1.0,20,1,"['assalamualaikum', 'wr', 'wb', 'selamat', 'siang', 'dosen', 'mahasiswa', 'teknik informatika', '17', 'filkom', 'apps', 'verifikasi', 'p2', 'tunggu', 'tuju', 'sekira', 'sedia', 'validasi', 'terima', 'kasih']"
1306,40,26/10/20,mahasiswa,"Assalamualaikum Wr Wb, selamat siang Pak [DOSEN]. Untuk dokumen skripsi BAB 4 yang saya kirimkan hari rabu minggu lalu apakah ada masukan pak? Terima kasih banyak atas waktunya Bapak ",1,-1.0,13,1,"['assalamualaikum', 'wr', 'wb', 'selamat', 'siang', 'dosen', 'dokumen', 'skripsi', 'bab', '4', 'kirim', 'rabu', 'minggu', 'masuk', 'terima', 'kasih']"
46,46,[14/10/20 12.21.20],mahasiswa,"Assalamu'alaikum pak [DOSEN]. Berikut saya lampirkan dokumen terbaru saya. Saya ingin menanyakan mengenai p0 apakah dilakukan sendiri-sendiri atau dengan dosen pembimbing 2? Terima kasih atas waktunya, mohon maaf mengganggu",1,-1.0,45,9,"['assalamu', 'alaikum', 'dosen', 'lampir', 'dokumen', 'kena', 'p0', 'laku', 'dosen', 'bimbing', '2', 'terima', 'kasih', 'mohon', 'maaf', 'ganggu']"
1877,39,[14/04/20 09.09.58],mahasiswa,"Assalamualaikum Wr.Wb. Pak. Selamat pagi dan mohon maaf mengganggu. Terkait revisi dokumen yang kemarin Bapak infokan, saya sudah mengerjakannya Pak. Kira-kira kapan saya dapat berkonsultasi dengan Bapak terkait penulisan dokumen skripsi saya? Berikut saya lampirkan dokumen skripsi saya. Terima kasih PakğŸ™ ",1,-1.0,39,15,"['assalamualaikum', 'wr', 'wb', 'selamat', 'pagi', 'mohon', 'maaf', 'ganggu', 'kait', 'revisi', 'dokumen', 'kemarin', 'informasi', 'kerja', 'konsultasi', 'kait', 'tulis', 'dokumen', 'skripsi', 'lampir', 'dokumen', 'skripsi', 'terima', 'kasih']"
1228,86,21/12/20,mahasiswa,"Assalamualaikum Wr. Wb Pak [DOSEN], mohon maaf mengganggu waktu bapak. Saya ingin bertanya terkait beberapa hal Pak, yaitu : 1. Saya ingin menginformasikan bahwa saya telah mengirimkan hasil screenshot program dan pengujian di email bapak. Belum saya lampirkan skripsi saya bab 1-4 dikarenakan masih pembenaran flowchart. Besok akan saya kirimkan skripsi saya Pak. 2. Pada update kecepatan PSO diberikan nilai batas. Nilai batas v didapat dari presentase dari nilai x. contoh 60%x berarti -0.6 untuk vmin. dan 0,6 vmax. Apakah perlu saya masukkan didalam pengujian saya ya pak dengan nama ""Pengujian Pengaruh Nilai Batas Pada Kecepatan"" ? 3. Jika saya ingin melakukan P2 bagaimana ya Pak? Agar skripsi saya bisa dilanjut semester depan. Saya pesimis bisa semhas di semester ini Pak karena deadline daftar semhas tanggal 23 besok. Terima kasih pak sebelumnya. Wassalamualaikum Wr.Wb",1,-1.0,22,7,"['assalamualaikum', 'wr', 'wb', 'dosen', 'mohon', 'maaf', 'ganggu', 'kait', '1', 'informasi', 'kirim', 'hasil', 'screenshot', 'program', 'uji', 'email', 'lampir', 'skripsi', 'bab', '1-4', 'diagram alir', 'besok', 'kirim', 'skripsi', '2', 'update', 'cepat', 'pso', 'nilai', 'batas', 'nilai', 'batas', 'v', 'presentase', 'nilai', 'x', 'contoh', '60', 'x', 'arti', '-0', '6', 'vmin', '0', '6', 'vmax', 'masuk', 'uji', 'iya', 'nama', 'uji', 'pengaruh', 'nilai', 'batas', 'cepat', '3', 'laku', 'p2', 'iya', 'skripsi', 'semester', 'pesimis', 'seminar hasil', 'semester', 'deadline', 'daftar', 'seminar hasil', 'tanggal', '23', 'besok', 'terima', 'kasih', 'wassalamualaikum', 'wr', 'wb']"
356,35,14/02/20,dosen,Makasi ya oleh2nya yg disampein sama faishal,1,-1.0,7,13,"['makas', 'iya', 'oleh2nya', 'disampein', 'faishal']"
1954,116,[02/07/20 09.08.58],mahasiswa,"Assalamualaikum Wr.Wb. Pak. Selamat pagi, mohon maaf mengganggu waktu Bapak. Berikut saya lampirkan revisi skripsi saya. Terima kasihğŸ™ ",1,-1.0,116,15,"['assalamualaikum', 'wr', 'wb', 'selamat', 'pagi', 'mohon', 'maaf', 'ganggu', 'lampir', 'revisi', 'skripsi', 'terima', 'kasih']"
103,103,â€[18/12/20 08.52.08],mahasiswa,<DOC>,1,-1.0,102,9,['doc']
1772,6,10/7/20,mahasiswa,Mungkin dari Bapak terdapat saran atau tambahan terkait proposal skripsi saya Pak. Terima kasih Pak .,-1,-1.0,0,4,"['saran', 'kait', 'proposal', 'skripsi', 'terima', 'kasih']"
763,15,[08/10/19 15.12.48],dosen,https://www.sciencedirect.com/topics/computer-science/pearson-correlation,1,-1.0,15,5,['url']
787,39,[23/03/20 08.57.00],mahasiswa,Assalamualaikum Wr.Wb Bu . Saya mau bertanya mengenai bimbingan skripsi bagaimana ya Bu? Dan saya jg mau melaporkan progress skripsi saya sudah sampai pengujian. Terima kasih Bu. Maaf mengganggu waktunyağŸ™,1,-1.0,39,5,"['assalamualaikum', 'wr', 'wb', 'kena', 'bimbing', 'skripsi', 'iya', 'lapor', 'progres', 'skripsi', 'uji', 'terima', 'kasih', 'maaf', 'ganggu']"
1951,113,[01/07/20 15.46.22],mahasiswa,Baik Pak kalau begitu. Terima kasihğŸ™,1,-1.0,113,15,"['terima', 'kasih']"
1719,175,14/07/20,mahasiswa,"Assalamualaikum Wr. Wb. Mohon maaf yg sebesar-besarnya pak mengganggu waktu bapak bukan pada jam yg seharusnya Saya ingin memberitahukan kesalahan data PER saham saya pak, sehingga akan dilakukan perubahan pada bagian Manualisasi dan Analisa serta bagian kesimpulan pak.. Apakah bapak ada masukan saya harus bagaimana pak? Apakah tidak apa-apa saya ubah sekarang padahal besok jadwal seminar hasil saya pak Untuk programnya tidak ada yg salah kok pak tapi.. Mohon maaf pak sekali lagii saya melakukan kesalahan.. Wassalamualaikum Wr. Wb ",1,-1.0,32,12,"['assalamualaikum', 'wr', 'wb', 'mohon', 'maaf', 'ganggu', 'jam', 'memberitahukan', 'salah', 'data', 'saham', 'laku', 'ubah', 'manual', 'analisa', 'simpul', 'masuk', 'ubah', 'besok', 'jadwal', 'seminar', 'hasil', 'program', 'salah', 'mohon', 'maaf', 'laku', 'salah', 'wassalamualaikum', 'wr', 'wb']"
598,87,1/12/20,mahasiswa,"Selamat sore pak. Mohon maaf menggangu. saya [MHS], salah satu mahasiswa bimbingan bapak.  Saya ingin memberi kabar bahwa saya baru saja mengirimkan dokumen skripsi, manualisasi, ppt dan video untuk P1 skripsi saya ke email bapak.  Sekian yang ingin saya sampaikan. Jika ada salah kata, saya mohon maaf.  Salam, [MHS] ",1,-1.0,20,3,"['selamat', 'sore', 'mohon', 'maaf', 'menggangu', 'mahasiswa', 'salah', 'mahasiswa', 'bimbing', 'kabar', 'kirim', 'dokumen', 'skripsi', 'manual', 'power point', 'video', 'p1', 'skripsi', 'email', 'sekian', 'salah', 'mohon', 'maaf', 'salam', 'mahasiswa']"
2171,19,11/6/20,mahasiswa,<DOC>,1,-1.0,5,0,['doc']
404,37,11/08/20,mahasiswa,"Assalamualaikum, Selamat siang pak, maaf menganggu, saya [MHS], mahasiswa Teknik Informatika angkatan 2016, Saya ingin konsultasi untuk bisa verifikasi P2, dan juga menyampaikan progress skripsi saya yang berjudul ""Pengembangan Domain Specific Language pada Aplikasi CRUD berbasis Web"" Skripsi saya saat ini sudah memasuki tahap pengujian, yaitu pengujian whitebox, dan hasilnya 100% valid, Untuk pengujian blackbox nya, sedang dalam pembuatan, mungkin bapak bisa menambahkan koreksi atau ada saran untuk Skripsi saya ini, Terimakasih",1,-1.0,14,16,"['assalamualaikum', 'selamat', 'siang', 'maaf', 'menganggu', 'mahasiswa', 'mahasiswa', 'teknik', 'informatika', 'angkat', '2016', 'konsultasi', 'verifikasi', 'p2', 'progres', 'skripsi', 'judul', 'kembang', 'domain', 'specific', 'language', 'aplikasi', 'crud', 'bas', 'web', 'skripsi', 'pasuk', 'tahap', 'uji', 'uji', 'whitebox', 'hasil', '100', 'valid', 'uji', 'blackbox', 'nya', 'koreksi', 'saran', 'skripsi', 'terima kasih']"
114,114,â€[22/12/20 13.19.19],mahasiswa,<DOC>,1,-1.0,113,9,['doc']
60,60,â€[17/11/20 13.08.56],mahasiswa,<DOC>,1,-1.0,59,9,['doc']
1266,0,28/9/10,mahasiswa,"Assalamualaikum Wr. Wb. Selamat siang Pak [DOSEN], mohon maaf mengganggu waktunya. Perkenalkan nama saya [MHS] (TIFâ€™17). Saya salah satu mahasiswa bimbingan skripsi bapak. Saya ingin bertanya terkait pelaksanaan p0 skripsi saya. Saya sudah melaksanakan p0 dengan dosen 1 saya yakni Pak [DOSEN] melalui vidio e-mail. Berkaitan dengan hal tersebut dan Bapak sebagai dosen pembimbing 2 saya, bagaimana ya Pak untuk mekanisme bimbingan dan P0 secara daring kepada Bapak? Terima kasih Bapak atas waktunya. Wassalamualaikum Wr. Wb",1,-1.0,0,1,"['assalamualaikum', 'wr', 'wb', 'selamat', 'siang', 'dosen', 'mohon', 'maaf', 'ganggu', 'kenal', 'nama', 'mahasiswa', 'teknik informatika', '17', 'salah', 'mahasiswa', 'bimbing', 'skripsi', 'kait', 'laksana', 'p0', 'skripsi', 'laksana', 'p0', 'dosen', '1', 'dosen', 'vidio', 'e-mail', 'kait', 'dosen', 'bimbing', '2', 'iya', 'mekanisme', 'bimbing', 'p0', 'daring', 'terima', 'kasih', 'wassalamualaikum', 'wr', 'wb']"
520,9,24/8/20,mahasiswa,"Selamat siang Pak [DOSEN]. Mohon mqqf menggangu waktunya. Saya [MHS] dari TIF 2017 yang waktu itu meminta untuk menjadi mahasiswa bimbingan skripsi bapak.  Sesuai dengan prosedur yang ada, saya sudah upload pra proposal ke Filkom Apps.  Terima kasih atas perhatian dan waktunya. ",1,-1.0,3,3,"['selamat', 'siang', 'dosen', 'mohon', 'maaf', 'menggangu', 'mahasiswa', 'teknik informatika', '2017', 'mahasiswa', 'bimbing', 'skripsi', 'sesuai', 'prosedur', 'unggah', 'pra', 'proposal', 'filkom', 'apps', 'terima', 'kasih', 'perhati']"
1855,17,[26/12/19 13.26.09],mahasiswa,"Mohon maaf pak, untuk hari ini apakah Bapak ada bimbingan?",1,-1.0,17,15,"['mohon', 'maaf', 'bimbing']"
1927,89,[08/05/20 10.35.09],mahasiswa,<DOC>,1,-1.0,89,15,['doc']
1409,73,4/9/20,mahasiswa,"Assalamualaikum Wr Wb, mohon maaf mengganggu waktunya Pak [DOSEN]. Ingin bertanya untuk melakukan polling kepada teman-teman adalah seluruh data latih yang berjumlah 400 atau hanya data latih untuk manualisasi saja ya Pak? Terima kasih banyak Bapak atas waktunya ",1,-1.0,17,2,"['assalamualaikum', 'wr', 'wb', 'mohon', 'maaf', 'ganggu', 'dosen', 'laku', 'polling', 'teman', 'data', 'latih', '400', 'data', 'latih', 'manual', 'iya', 'terima', 'kasih']"
1341,5,17/6/20,mahasiswa,"Assalamualaikum wr wb Pak [DOSEN], mohon maaf mengganggu waktunya. Saya [MHS] dari angkatan 2017 sudah mengirim praprosal skripsi melalui email pak. Terimakasih bapak atas waktunya ",1,-1.0,2,2,"['assalamualaikum', 'wr', 'wb', 'dosen', 'mohon', 'maaf', 'ganggu', 'mahasiswa', 'angkat', '2017', 'kirim', 'praprosal', 'skripsi', 'email', 'terima kasih']"
458,91,27/10/20,mahasiswa,"Assalamualaikum wr wb. Selamat sore Pak, Saya [MHS], mahasiswa bimbingan bapak, maaf menganggu waktunya, mohon bantuan Bapak untuk memberikan persetujuan pada Filkom Apps, untuk bisa mendaftar seminar hasil pada hari ini, atas perhatian dan pertolongan Bapak, saya ucapkan terima kasih.",-1,-1.0,29,16,"['assalamualaikum', 'wr', 'wb', 'selamat', 'sore', 'mahasiswa', 'mahasiswa', 'bimbing', 'maaf', 'menganggu', 'mohon', 'bantu', 'tuju', 'filkom', 'apps', 'daftar', 'seminar', 'hasil', 'perhati', 'tolong', 'terima', 'kasih']"
503,136,24/12/20,mahasiswa,<DOC>,-1,-1.0,39,16,['doc']
609,98,9/12/20,mahasiswa,"Baik pak, terima kasih banyak. Saya ada beberapa pertanyaan lagi.  Untuk penulisan bab 5, apakah kode yang dituliskan merupakan kode add-ins (html, css, js dari add-ins dan routes, main.py dari flask rest) atau hanya kode python saja pak?  Dan juga apakah diperbolehkan mengumpulkan draft bab 5 dulu ke bapak? Berhubung partisipan saya masih dalam proses anotasi data untuk ground truth sehingga belum bisa melakukan pengujian dan penulisan bab 6. ",1,-1.0,24,3,"['terima', 'kasih', 'tulis', 'bab', '5', 'kode', 'tulis', 'rupa', 'kode', 'add-ins', 'html', 'css', 'js', 'add-ins', 'routes', 'main', 'py', 'flask', 'rest', 'kode', 'python', 'kumpul', 'draft', 'bab', '5', 'hubung', 'partisipan', 'proses', 'anotasi', 'data', 'ground', 'truth', 'laku', 'uji', 'tulis', 'bab', '6']"
1909,71,[28/04/20 12.33.33],mahasiswa,<DOC>,1,-1.0,71,15,['doc']
367,0,05/03/20,mahasiswa,"Assalamualaikum, Selamat Pagi pak, maaf menganggu, saya [MHS], mahasiswa Teknik Informatika angkatan 2016, dalam Filkom Apps, Skripsi saya dicantumkan bahwa dosen pembimbing 2 saya, adalah bapak [DOSEN], sekiranya bapak pada hari ini ada waktu kosong pada jam berapa? Saya ingin melakukan konsultasi terkait skripsi saya, Terimakasih",1,-1.0,0,16,"['assalamualaikum', 'selamat', 'pagi', 'maaf', 'menganggu', 'mahasiswa', 'mahasiswa', 'teknik', 'informatika', 'angkat', '2016', 'filkom', 'apps', 'skripsi', 'cantum', 'dosen', 'bimbing', '2', 'dosen', 'sekira', 'kosong', 'jam', 'laku', 'konsultasi', 'kait', 'skripsi', 'terima kasih']"
843,95,[30/03/20 09.44.38],dosen,baik silakan mbak [MHS]. Mungkin beberala waktu saya agak slow res tak apa ya,1,-1.0,95,5,"['sila', 'mbak', 'mahasiswa', 'beberala', 'slow', 'res', 'iya']"
83,83,[11/12/20 14.05.25],mahasiswa,"Assalamuâ€™alaikum pak, apakah ada revisi maupun saran dari Pak ? Terima kasih",1,-1.0,82,9,"['assalamu', 'alaikum', 'revisi', 'saran', 'terima', 'kasih']"
514,3,13/8/20,mahasiswa,"Selamat siang Pak [DOSEN]. Mohon mqqf menggangu waktunya. Saya [MHS] dari TIF 2017 yang waktu itu meminta untuk menjadi mahasiswa bimbingan skripsi bapak.  Topik yang saya ambil waktu itu ""Sistem Temu Kembali Informasi Artikel terkait COVID-19 dengan Metode Pembobotan TF-IDF dan Model Vector Space"". Setelah mengikuti saran bapak, saya sudah mencari beberapa jurnal yang membahas tentang vector space dengan word embedding. Apakah untuk penggunaan Word Embeddingnya pada metode penelitian secara keseluruhan atau akan dijadikan pembading hasil antara menggunakan word embedding atau tidak ya pak?  Terima kasih atas perhatian dan waktunya. ",1,-1.0,1,3,"['selamat', 'siang', 'dosen', 'mohon', 'maaf', 'menggangu', 'mahasiswa', 'teknik informatika', '2017', 'mahasiswa', 'bimbing', 'skripsi', 'topik', 'ambil', 'sistem', 'temu', 'informasi', 'artikel', 'kait', 'covid-19', 'metode', 'bobot', 'tf-idf', 'model', 'vector', 'space', 'saran', 'cari', 'jurnal', 'bahas', 'vector', 'space', 'word', 'embedding', 'word', 'embeddingnya', 'metode', 'teliti', 'pembading', 'hasil', 'word', 'embedding', 'iya', 'terima', 'kasih', 'perhati']"
477,110,17/12/20,mahasiswa,"Assalamualaikum pak [DOSEN], selamat sore, maaf menganggu waktunya pak, saya ingin menyampaikan bahwa saya sudah melakukan upload file dokumen akhir skripsi pada filkom apps, dan saya ingin meminta bapak untuk memberikan persetujuan dalam apps tersebut, karena mengingat batas revisinya pada tanggal 20 Desember ini, terima kasih.",1,-1.0,35,16,"['assalamualaikum', 'dosen', 'selamat', 'sore', 'maaf', 'menganggu', 'laku', 'unggah', 'dokumen', 'dokumen', 'skripsi', 'filkom', 'apps', 'tuju', 'apps', 'batas', 'revisi', 'tanggal', '20', 'desember', 'terima', 'kasih']"
468,101,08/12/20,mahasiswa,"Assalamualaikum pak, selamat siang, saya [MHS], maaf mengganggu waktunya, berikut ini saya lampirkan dokumen hasil revisi Skripsi saya setelah ujian skripsi pada tanggal 20 November 2020. Mohon bantuan dari bapak, berupa masukan atau koreksi, pada hasil revisi skripsi saya ini. Terima kasih pak.",1,-1.0,33,16,"['assalamualaikum', 'selamat', 'siang', 'mahasiswa', 'maaf', 'ganggu', 'lampir', 'dokumen', 'hasil', 'revisi', 'skripsi', 'uji', 'skripsi', 'tanggal', '20', 'november', '2020', 'mohon', 'bantu', 'upa', 'masuk', 'koreksi', 'hasil', 'revisi', 'skripsi', 'terima', 'kasih']"
374,7,21/07/20,mahasiswa,"Assalamualaikum, Selamat siang pak, maaf menganggu, saya [MHS], mahasiswa Teknik Informatika angkatan 2016, Saya ingin meminta waktu kesediaan bapak untuk bisa melakukan verifikasi terhadap logbook bimbingan skripsi saya yang berjudul ""Pengembangan Domain Specific Language pada Aplikasi CRUD berbasis Web"" dalam Filkom Apps, Terimakasih",1,-1.0,5,16,"['assalamualaikum', 'selamat', 'siang', 'maaf', 'menganggu', 'mahasiswa', 'mahasiswa', 'teknik', 'informatika', 'angkat', '2016', 'sedia', 'laku', 'verifikasi', 'hadap', 'logbook', 'bimbing', 'skripsi', 'judul', 'kembang', 'domain', 'specific', 'language', 'aplikasi', 'crud', 'bas', 'web', 'filkom', 'apps', 'terima kasih']"
112,112,[22/12/20 13.08.57],mahasiswa,Terimakasih banyak pak,1,-1.0,111,9,['terima kasih']
748,0,[30/07/19 14.08.26],mahasiswa,"Assalamualaikum Wr.Wb, permisi Bu [DOSEN], mohon maaf jika mengganggu. perkenalkan saya [MHS], mahasiswi Teknik Informatika 2016 FILKOM yang rencananya pada semester ganjil ini mengambil mata kuliah induksi riset, kira-kira ibu membuka kelas induksi riset tidak ya? kalo sekiranya ibu buka kelas, rencananya saya mau ikut kelas ibu. terimakasih ibu. Wassalamualaikum Wr.Wb",1,-1.0,0,5,"['assalamualaikum', 'wr', 'wb', 'permisi', 'dosen', 'mohon', 'maaf', 'ganggu', 'kenal', 'mahasiswa', 'mahasiswi', 'teknik', 'informatika', '2016', 'filkom', 'rencana', 'semester', 'ganjil', 'ambil', 'mata', 'kuliah', 'induksi', 'riset', 'buka', 'kelas', 'induksi', 'riset', 'iya', 'sekira', 'buka', 'kelas', 'rencana', 'kelas', 'terima kasih', 'wassalamualaikum', 'wr', 'wb']"
2199,15,23/12/2020,dosen,"Baik [MHS], tolong kirimkan progress bab 6 Anda, minimal 1 skenario pengujian + analisis hasil pengujian tersebut sudah selesai dikerjakan. Jika memang bisa selesai, bisa dilanjutkan ke semester depannya.",1,-1.0,6,14,"['mahasiswa', 'tolong', 'kirim', 'progres', 'bab', '6', 'minimal', '1', 'skenario', 'uji', 'analisis', 'hasil', 'uji', 'selesai', 'kerja', 'selesai', 'semester']"
113,113,[22/12/20 13.19.20],mahasiswa,"Ohiya pak, saya minta tolong mohon untuk di ttd kan logbook dan lembar pengesahan saya. Terima kasih banyak",1,-1.0,112,9,"['ohiya', 'tolong', 'mohon', 'tanda tangan', 'logbook', 'lembar', 'kesah', 'terima', 'kasih']"
373,6,26/03/20,mahasiswa,"Assalamualaikum, Selamat siang pak, maaf menganggu, saya , mahasiswa Teknik Informatika angkatan 2016, apakah bapak pada hari ini ada waktu kosong? Saya ingin meminta waktu kesediaan bapak untuk bisa melakukan verifikasi terhadap Dokumen Proposal P0 Skripsi saya, yang berjudul ""Pengembangan Domain Specific Language pada Aplikasi CRUD berbasis Web"" dalan Filkom Apps, Terimakasih",1,-1.0,4,16,"['assalamualaikum', 'selamat', 'siang', 'maaf', 'menganggu', 'mahasiswa', 'teknik', 'informatika', 'angkat', '2016', 'kosong', 'sedia', 'laku', 'verifikasi', 'hadap', 'dokumen', 'proposal', 'p0', 'skripsi', 'judul', 'kembang', 'domain', 'specific', 'language', 'aplikasi', 'crud', 'bas', 'web', 'dal', 'filkom', 'apps', 'terima kasih']"
1917,79,[04/05/20 12.11.53],mahasiswa,"Assalamualaikum Wr.Wb. Pak. Selamat siang dan mohon maaf mengganggu waktu Bapak. Terkait dokumen skripsi sebelumnya, masih perlu diperbaiki atau bagaimana? Terima kasih PakğŸ™",1,-1.0,79,15,"['assalamualaikum', 'wr', 'wb', 'selamat', 'siang', 'mohon', 'maaf', 'ganggu', 'kait', 'dokumen', 'skripsi', 'terima', 'kasih']"
1275,9,7/10/20,mahasiswa,"Assalamualaikum Wr Wb, sebelumnya mohon maaf mengganggu waktunya Pak [DOSEN]. Terkait dokumen proposal skripsi yang saya kirimkan hari jumat, apakah ada masukan, Pak? Dan saya telah mengisi logbook bimbingan di filkom apps, sekiranya apakah Bapak bersedia untuk validasi? Terima kasih banyak Bapak ",1,-1.0,5,1,"['assalamualaikum', 'wr', 'wb', 'mohon', 'maaf', 'ganggu', 'dosen', 'kait', 'dokumen', 'proposal', 'skripsi', 'kirim', 'jumat', 'masuk', 'isi', 'logbook', 'bimbing', 'filkom', 'apps', 'sekira', 'sedia', 'validasi', 'terima', 'kasih']"
411,44,01/09/20,mahasiswa,"Assalamualaikum, Selamat siang pak, maaf menganggu, saya [MHS], mahasiswa Teknik Informatika angkatan 2016, apakah bapak pada hari ini ada waktu kosong? Saya ingin meminta waktu bapak untuk memberikan penilaian, untuk bisa melengkapi penilaian pada tahap P2 terkait Skripsi saya yang berjudul ""Pengembangan Domain Specific Language pada Aplikasi CRUD berbasis Web"", saat ini progress Skripsi saya sudah dalam Pengujian, dan akan masuk ke bab 7, Terimakasih",1,-1.0,17,16,"['assalamualaikum', 'selamat', 'siang', 'maaf', 'menganggu', 'mahasiswa', 'mahasiswa', 'teknik', 'informatika', 'angkat', '2016', 'kosong', 'nilai', 'lengkap', 'nilai', 'tahap', 'p2', 'kait', 'skripsi', 'judul', 'kembang', 'domain', 'specific', 'language', 'aplikasi', 'crud', 'bas', 'web', 'progres', 'skripsi', 'uji', 'masuk', 'bab', '7', 'terima kasih']"
368,1,06/03/20,mahasiswa,"Assalamualaikum, Selamat Pagi pak, maaf menganggu, saya [MHS], mahasiswa Teknik Informatika angkatan 2016, dalam Filkom Apps, Skripsi saya dicantumkan bahwa dosen pembimbing 2 saya, adalah bapak, sekiranya bapak pada hari ini ada waktu kosong pada jam berapa? Saya ingin melakukan konsultasi terkait skripsi saya, Terimakasih",1,-1.0,1,16,"['assalamualaikum', 'selamat', 'pagi', 'maaf', 'menganggu', 'mahasiswa', 'mahasiswa', 'teknik', 'informatika', 'angkat', '2016', 'filkom', 'apps', 'skripsi', 'cantum', 'dosen', 'bimbing', '2', 'sekira', 'kosong', 'jam', 'laku', 'konsultasi', 'kait', 'skripsi', 'terima kasih']"
1303,37,21/10/20,mahasiswa,"Assalamualaikum Wr Wb, selamat siang Pak [DOSEN]. Saya ingin melakukan bimbingan skripsi BAB 4, berikut dokumen skripsi saya lampirkan. Terima kasih banyak atas waktunya Pak [DOSEN] ",1,-1.0,11,1,"['assalamualaikum', 'wr', 'wb', 'selamat', 'siang', 'dosen', 'laku', 'bimbing', 'skripsi', 'bab', '4', 'dokumen', 'skripsi', 'lampir', 'terima', 'kasih', 'dosen']"
80,80,[08/12/20 09.32.58],mahasiswa,"Assalamuâ€™alaikum pak [DOSEN], berikut saya lampirkan dokumen skripsi saya yang sudah saya revisi dan pengerjaan bab 5",1,-1.0,79,9,"['assalamu', 'alaikum', 'dosen', 'lampir', 'dokumen', 'skripsi', 'revisi', 'kerja', 'bab', '5']"
50,50,[16/10/20 12.39.12],mahasiswa,"Baik pakk, untuk sm pak [DOSEN] kapan ya pak bisa p0?",1,-1.0,49,9,"['pakk', 'dosen', 'iya', 'p0']"
341,20,03/07/19,mahasiswa,Maaf bu typo,1,-1.0,2,13,"['maaf', 'tipo']"
756,8,[08/10/19 15.06.26],dosen,https://www.cscjournals.org/manuscript/Journals/IJDE/Volume2/Issue4/IJDE-63.pdf,1,-1.0,8,5,['url']
1864,26,[30/03/20 09.53.46],mahasiswa,"Assalamualaikum Wr.Wb Pak. Selamat pagi dan mohon maaf mengganggu. Saya mau menanyakan mengenai bimbingan online terkait dokumentasi skripsi saya, Pak. Bagaimana mekanismenya ya kira-kira? Terima kasih PakğŸ™",1,-1.0,26,15,"['assalamualaikum', 'wr', 'wb', 'selamat', 'pagi', 'mohon', 'maaf', 'ganggu', 'kena', 'bimbing', 'online', 'kait', 'dokumentasi', 'skripsi', 'mekanisme', 'iya', 'terima', 'kasih']"
49,49,[16/10/20 12.21.35],dosen,"Ok, mgkn sendiri2 dl ya P0 nya..",1,-1.0,48,9,"['oke', 'sendiri2', 'iya', 'p0', 'nya']"
372,5,24/03/20,mahasiswa,"Assalamualaikum, Selamat siang pak, maaf menganggu, saya [MHS], mahasiswa Teknik Informatika angkatan 2016, apakah bapak pada hari ini ada waktu kosong? Saya ingin meminta waktu kesediaan bapak untuk bisa melakukan verifikasi terhadap Dokumen Proposal P0 Skripsi saya, yang berjudul ""Pengembangan Domain Specific Language pada Aplikasi CRUD berbasis Web"" dalan Filkom Apps, Terimakasih",1,-1.0,3,16,"['assalamualaikum', 'selamat', 'siang', 'maaf', 'menganggu', 'mahasiswa', 'mahasiswa', 'teknik', 'informatika', 'angkat', '2016', 'kosong', 'sedia', 'laku', 'verifikasi', 'hadap', 'dokumen', 'proposal', 'p0', 'skripsi', 'judul', 'kembang', 'domain', 'specific', 'language', 'aplikasi', 'crud', 'bas', 'web', 'dal', 'filkom', 'apps', 'terima kasih']"
1865,27,[08/04/20 09.57.41],mahasiswa,"Assalamualaikum Wr.Wb Pak. Selamat pagi dan mohon maaf mengganggu waktunya. Berkaitan dengan skripsi yang saya ambil, saya ingin berkonsultasi kepada Bapak mengenai penulisan dokumen skripsi saya. Berikut saya lampirkan dokumen skripsi saya. Terima kasih PakğŸ™ ",1,-1.0,27,15,"['assalamualaikum', 'wr', 'wb', 'selamat', 'pagi', 'mohon', 'maaf', 'ganggu', 'kait', 'skripsi', 'ambil', 'konsultasi', 'kena', 'tulis', 'dokumen', 'skripsi', 'lampir', 'dokumen', 'skripsi', 'terima', 'kasih']"
1269,3,29/9/20,mahasiswa,"Assalamualaikum Wr Wb, mohon maaf mengganggu waktunya Pak [DOSEN]. Saya [MHS] ingin bertanya untuk pengiriman vidio P0 dan melakukan bimbingan kepada Bapak melalui media apa ya Pak? Terima kasih banyak Bapak atas waktunya. Wassalamualaikum Wr. Wb. ",1,-1.0,2,1,"['assalamualaikum', 'wr', 'wb', 'mohon', 'maaf', 'ganggu', 'dosen', 'mahasiswa', 'kirim', 'vidio', 'p0', 'laku', 'bimbing', 'media', 'iya', 'terima', 'kasih', 'wassalamualaikum', 'wr', 'wb']"
1949,111,[01/07/20 15.43.51],mahasiswa,"Mohon maaf sebelumnya Pak, flowchart tersebut kemarin saya buat dengan bantuan teman saya. Namun apabila perlu diperbaiki lagi, saya akan segera perbaiki lagiğŸ™",1,-1.0,111,15,"['mohon', 'maaf', 'diagram alir', 'kemarin', 'bantu', 'teman']"
1918,80,[04/05/20 13.08.33],dosen,"Masih blm ada perubahan serupa sebelumnya, bgmn?",-1,-1.0,80,15,"['ubah', 'rupa']"
1860,22,[30/12/19 08.55.32],mahasiswa,Baik pak. Terima kasihğŸ™,1,-1.0,22,15,"['terima', 'kasih']"
1863,25,[30/12/19 15.05.35],mahasiswa,Baik Pak. Terima kasihğŸ™,1,-1.0,25,15,"['terima', 'kasih']"
109,109,[22/12/20 11.05.42],mahasiswa,"Assalamuâ€™alaikum pak [DOSEN], pembukaan akses terbatas sudah terbuka. Mengenai P2 nya bagaimana ya pak? Terima kasih",1,-1.0,108,9,"['assalamu', 'alaikum', 'dosen', 'buka', 'akses', 'batas', 'buka', 'kena', 'p2', 'nya', 'iya', 'terima', 'kasih']"
1312,46,18/11/20,mahasiswa,"Assalamualaikum wr wb Bapak [DOSEN], mohon maaf mengganggu waktunya. Saya [MHS] dengan NIM 175150207111002. Ingin melakukan bimbingan untuk presentasi P1 dari saya berjudul "" Sentimen Analisis Layanan Produk Indihome Menggunakan Information Gain dan Metode K-Nearest Neighbor"".  Berikut presentasi drive vidio P1 saya lampirkan https://bit.ly/videop1  Terima kasih banyak bapak atas waktunya. Wassalamualaikum Wr Wb ",1,-1.0,18,1,"['assalamualaikum', 'wr', 'wb', 'dosen', 'mohon', 'maaf', 'ganggu', 'mahasiswa', 'nim', '175150207111002', 'laku', 'bimbing', 'presentasi', 'p1', 'judul', 'sentimen', 'analisis', 'layan', 'produk', 'indihome', 'information', 'gain', 'metode', 'k-nearest', 'neighbor', 'presentasi', 'drive', 'vidio', 'p1', 'lampir', 'url', 'terima', 'kasih', 'wassalamualaikum', 'wr', 'wb']"
402,35,10/08/20,mahasiswa,"Assalamualaikum, Selamat siang pak, maaf menganggu, saya [MHS], mahasiswa Teknik Informatika angkatan 2016, Saya ingin konsultasi untuk bisa verifikasi P2, dan juga menyampaikan progress skripsi saya yang berjudul ""Pengembangan Domain Specific Language pada Aplikasi CRUD berbasis Web"" Skripsi saya saat ini sudah memasuki tahap pengujian, yaitu pengujian whitebox, dan hasilnya 100% valid, Untuk pengujian blackbox nya, sedang dalam pembuatan, mungkin bapak bisa menambahkan koreksi atau ada saran untuk Skripsi saya ini, Terimakasih",-1,-1.0,13,16,"['assalamualaikum', 'selamat', 'siang', 'maaf', 'menganggu', 'mahasiswa', 'mahasiswa', 'teknik', 'informatika', 'angkat', '2016', 'konsultasi', 'verifikasi', 'p2', 'progres', 'skripsi', 'judul', 'kembang', 'domain', 'specific', 'language', 'aplikasi', 'crud', 'bas', 'web', 'skripsi', 'pasuk', 'tahap', 'uji', 'uji', 'whitebox', 'hasil', '100', 'valid', 'uji', 'blackbox', 'nya', 'koreksi', 'saran', 'skripsi', 'terima kasih']"
1309,43,4/11/20,mahasiswa,"Assalamualaikum Wr Wb, selamat siang Pak [DOSEN]. Ingin bertanya apakah Bapak ada waktu untuk melakukan bimbingan Pak? Terima kasih banyak atas waktunya Pak [DOSEN] ",1,-1.0,15,1,"['assalamualaikum', 'wr', 'wb', 'selamat', 'siang', 'dosen', 'laku', 'bimbing', 'terima', 'kasih', 'dosen']"
1298,32,14/10/20,mahasiswa,"Untuk yang terideks scopus ada 6 pak berikut judul-judulnya 1. Internet Traffic Detection using NaÃ¯ve Bayes and K-Nearest Neighbors (KNN) algorithm 2.  Distributed Denial of Service Attack Detection using NaÃ¯ve Bayes and K-Nearest Neighbor for Network Forensics 3.  An Ensemble-Based Feature Selection and Classification of Gene Expression using Support Vector Machine, K-Nearest Neighbor, Decision Tree  4. Comparison between K-Nearest Neighbor and Support Vector Machine Algorithms for PPG Biometric Identification 5. Sentiment analysis on Twitter posts: An analysis of positive or negative opinion on GoJek 6. Network intrusion detection using feature selection and Decision tree classifier ",1,-1.0,9,1,"['terideks', 'scopus', '6', 'judul', '1', 'internet', 'traffic', 'detection', 'using', 'na', 'bayes', 'k-nearest', 'neighbors', 'knn', 'algorithm', '2', 'distributed', 'denial', 'service', 'attack', 'detection', 'using', 'na', 'bayes', 'k-nearest', 'neighbor', 'network', 'forensics', '3', 'ensemble-based', 'feature', 'selection', 'classification', 'gene', 'expression', 'using', 'support', 'vector', 'machine', 'k-nearest', 'neighbor', 'decision', 'tree', '4', 'comparison', 'k-nearest', 'neighbor', 'support', 'vector', 'machine', 'algorithms', 'ppg', 'biometric', 'identification', '5', 'sentiment', 'analysis', 'twitter', 'posts', 'analysis', 'positive', 'negative', 'opinion', 'gojek', '6', 'network', 'intrusion', 'detection', 'using', 'feature', 'selection', 'decision', 'tree', 'classifier']"
2196,12,14/12/2020,mahasiswa,"Baik Pak, maaf sebelumnya saya menambahkan logbook di filkomapps untuk tanggal 2 Desember sebagai ""persiapan konsultasi P1"" Pak, sesuai tanggal saat saya menghubungi Bapak mengenai syarat untuk P1, apakah diperbolehkan Pak?",1,-1.0,3,14,"['maaf', 'logbook', 'filkomapps', 'tanggal', '2', 'desember', 'konsultasi', 'p1', 'sesuai', 'tanggal', 'hubung', 'kena', 'syarat', 'p1']"
397,30,06/08/20,mahasiswa,"Sekiranya apakah ada yang perlu saya tambahkan pada Skripsi saya, pak?",1,-1.0,11,16,"['sekira', 'skripsi']"
1268,2,28/9/20,mahasiswa,"Maaf Bapak, untuk vidio P0 dan melakukan bimbingan kepada Bapak dikirim melalui apa ya Pak? ",1,-1.0,1,1,"['maaf', 'vidio', 'p0', 'laku', 'bimbing', 'kirim', 'iya']"
2167,15,10/23/20 ,mahasiswa,<DOC>,1,-1.0,2,0,['doc']
77,77,[07/12/20 09.54.08],mahasiswa,"Assalamuâ€™alaikum pak [DOSEN], saya sudah melakukan implementasi. Tetapi hasil yang saya dapatkan untuk MAPEnya cukup besar. Apakah pak  mempunya saran untuk kodingan saya? Terima kasih",1,-1.0,76,9,"['assalamu', 'alaikum', 'dosen', 'laku', 'implementasi', 'hasil', 'mapenya', 'saran', 'kodingan', 'terima', 'kasih']"
441,74,22/10/20,mahasiswa,<DOC>,1,-1.0,26,16,['doc']
1807,41,12/10/20,dosen,Wa'alaikumsalam.. ok,-1,-1.0,7,4,"['wa', 'alaikumsalam', 'oke']"
2110,143,21/12/20,mahasiswa,<DOC>,1,-1.0,33,11,['doc']
841,93,[30/03/20 09.40.43],dosen,Tapi kalau via WA at anytime ya,1,-1.0,93,5,"['via', 'wa', 'anytime', 'iya']"
466,99,07/12/20,mahasiswa,"Assalamualaikum pak, selamat siang, saya [MHS], maaf mengganggu waktunya, berikut ini saya lampirkan dokumen hasil revisi Skripsi saya setelah ujian skripsi pada tanggal 20 November 2020. Mohon bantuan dari bapak, berupa masukan atau koreksi, pada hasil revisi skripsi saya ini. Terima kasih pak.",1,-1.0,32,16,"['assalamualaikum', 'selamat', 'siang', 'mahasiswa', 'maaf', 'ganggu', 'lampir', 'dokumen', 'hasil', 'revisi', 'skripsi', 'uji', 'skripsi', 'tanggal', '20', 'november', '2020', 'mohon', 'bantu', 'upa', 'masuk', 'koreksi', 'hasil', 'revisi', 'skripsi', 'terima', 'kasih']"
754,6,[01/08/19 11.20.17],dosen,https://www.researchgate.net/publication/326571864_Analisis_Sentimen_Pada_Review_Konsumen_Menggunakan_Metode_Naive_Bayes_Dengan_Seleksi_Fitur_Chi_Square_Untuk_Rekomendasi_Lokasi_Makanan_Tradisional,1,-1.0,6,5,['url']
1331,65,18/1/21,mahasiswa,"Assalamualaikum Wr Wb, mohon maaf mengganggu waktunya Pak [DOSEN]. Untuk Filkom apps saya membutuhkan verifikasi Bapak, apakah Bapak bersedia? Terima kasih banyak sebelumnya ",1,-1.0,25,1,"['assalamualaikum', 'wr', 'wb', 'mohon', 'maaf', 'ganggu', 'dosen', 'filkom', 'apps', 'butuh', 'verifikasi', 'sedia', 'terima', 'kasih']"
1948,110,[01/07/20 15.40.48],dosen,"Flowchartnya masih blm didetilkan ya sbgmn permintaan penguji dan masih spt sebelumnya (masih blm bisa dibaca). Apakah sdri tdk punya teman yang faham flowchart agar bisa dibuatkan, agar bisa sedikit lebih baik?",1,-1.0,110,15,"['flowchartnya', 'didetilkan', 'iya', 'sbgmn', 'uji', 'baca', 'sdri', 'teman', 'faham', 'diagram alir']"
614,103,14/12/20,mahasiswa,"Mohon maaf pak. Pertanyaan poin 1 dan poin 2 tidak jadi saya ajukan karena baru saja saya melakukan review kode program kembali dan melakukan riset terkait efisiensi kode pada dokumentasi di internet, ternyata memang kode saya yang tidak efisien sama sekali. Setelah saya perbaiki, kapabilitas program saya saat ini untuk melakukan training model word2vec dengan window size 3, hidden neuron 500, learning rate 0.01 pada laptop saya berkisar 1,5jam/ epoch.  Masukkan sebelumnya dari Pak [DOSEN], jika parameter tidak diuji maka menggunakan parameter default dari library yang ada seperti Gensim dengan rincian:  - window size = 5  - hidden neuron = 100  - learning rate = 0.025  Melihat saran tersebut dan kapabilitas kode program saya, sebaiknya epoch yang digunakan? Dengan pertimbangan  hidden neuron yang akan saya uji nantinya adalah 100, 200 dan 500.  Mohon maaf sebelumnya dan terima kasih atas perhatiannya. ",1,-1.0,26,3,"['mohon', 'maaf', 'poin', '1', 'poin', '2', 'aju', 'laku', 'ulas', 'kode', 'program', 'laku', 'riset', 'kait', 'efisiensi', 'kode', 'dokumentasi', 'internet', 'nyata', 'kode', 'efisien', 'kapabilitas', 'program', 'laku', 'melatih', 'model', 'word2vec', 'window', 'size', '3', 'hidden', 'neuron', '500', 'learning', 'rate', '0', '01', 'laptop', 'kisar', '1', '5jam', 'epoch', 'masuk', 'dosen', 'parameter', 'uji', 'parameter', 'default', 'library', 'gensim', 'rincian', '-', 'window', 'size', '5', '-', 'hidden', 'neuron', '100', '-', 'learning', 'rate', '0', '025', 'lihat', 'saran', 'kapabilitas', 'kode', 'program', 'epoch', 'timbang', 'hidden', 'neuron', 'uji', '100', '200', '500', 'mohon', 'maaf', 'terima', 'kasih', 'perhati']"
860,112,[01/04/20 13.51.01],mahasiswa,Mohon maaf mengganggu waktu Ibu. Terima kasih sebelumnyağŸ™,1,-1.0,112,5,"['mohon', 'maaf', 'ganggu', 'terima', 'kasih']"
615,104,15/12/20,dosen,"Mohon maaf pak. Pertanyaan poin 1 dan poin 2 tidak jadi saya ajukan karena baru saja saya melakukan review kode program kembali dan melakukan riset terkait efisiensi kode pada dokumentasi di internet, ternyata memang kode saya yang tidak efisien sama sekali. Setelah saya perbaiki, kapabilitas program saya saat ini untuk melakukan training model word2vec dengan window size 3, hidden neuron 500, learning rate 0.01 pada laptop saya berkisar 1,5jam/ epoch. --> baik [MHS], lanjutkan dulu.  Masukkan sebelumnya dari Pak [DOSEN], jika parameter tidak diuji maka menggunakan parameter default dari library yang ada seperti Gensim dengan rincian:  - window size = 5  - hidden neuron = 100  - learning rate = 0.025 --> noted, ini sebenarnya dapat dilihat dari banyak sudut panjang  Melihat saran tersebut dan kapabilitas kode program saya, sebaiknya epoch yang digunakan? Dengan pertimbangan  hidden neuron yang akan saya uji nantinya adalah 100, 200 dan 500. --> saran saya, sebaiknya untuk epoh dapat diambil salah satu atau beberapa dari "" ..berkisar 1,5jam/ epoch"" yg memiliki nilai evaluasi terbaik atau dari pertimbangkan dari intercept konvergensi dari semua epoch. ",1,-1.0,27,3,"['mohon', 'maaf', 'poin', '1', 'poin', '2', 'aju', 'laku', 'ulas', 'kode', 'program', 'laku', 'riset', 'kait', 'efisiensi', 'kode', 'dokumentasi', 'internet', 'nyata', 'kode', 'efisien', 'kapabilitas', 'program', 'laku', 'melatih', 'model', 'word2vec', 'window', 'size', '3', 'hidden', 'neuron', '500', 'learning', 'rate', '0', '01', 'laptop', 'kisar', '1', '5jam', 'epoch', '--', 'mahasiswa', 'masuk', 'dosen', 'parameter', 'uji', 'parameter', 'default', 'library', 'gensim', 'rincian', '-', 'window', 'size', '5', '-', 'hidden', 'neuron', '100', '-', 'learning', 'rate', '0', '025', '--', 'dicatat', 'lihat', 'sudut', 'lihat', 'saran', 'kapabilitas', 'kode', 'program', 'epoch', 'timbang', 'hidden', 'neuron', 'uji', '100', '200', '500', '--', 'saran', 'epoh', 'ambil', 'salah', 'kisar', '1', '5jam', 'epoch', 'milik', 'nilai', 'evaluasi', 'timbang', 'intercept', 'konvergensi', 'epoch']"
1866,28,[08/04/20 09.57.48],mahasiswa,<DOC>,1,-1.0,28,15,['doc']
445,78,23/10/20,mahasiswa,"Assalamualaikum pak, selamat sore, maaf menganggu waktunya, saya [MHS], ingin meminta bantuan bapak, untuk memberikan tandatangan pada file logbook skripsi saya, untuk bisa melengkapi berkas yang akan saya pakai untuk mendaftar seminar hasil skripsi saya, atas perhatiannya Terima kasih",-1,-1.0,27,16,"['assalamualaikum', 'selamat', 'sore', 'maaf', 'menganggu', 'mahasiswa', 'bantu', 'tandatangan', 'dokumen', 'logbook', 'skripsi', 'lengkap', 'berkas', 'pakai', 'daftar', 'seminar', 'hasil', 'skripsi', 'perhati', 'terima', 'kasih']"
425,58,15/10/20,mahasiswa,"Assalamualaikum, Selamat siang pak, maaf menganggu, saya , mahasiswa Teknik Informatika angkatan 2016, ingin memberi laporan bahwa tahap skripsi saya sudah sampai pada membuat jurnal, pada Skripsi saya yang berjudul ""Pengembangan Domain Specific Language pada Aplikasi CRUD berbasis Web"", terkait dengan tahap P2, apakah bapak bisa melengkapi verifikasi penilaian pada Filkom Apps saya, mengingat dari Pak dosen sendiri selaku dosen pembimbing 1 sudah memberikan penilaian pada tahap P2 bulan Agustus kemarin, Terima kasih",1,-1.0,23,16,"['assalamualaikum', 'selamat', 'siang', 'maaf', 'menganggu', 'mahasiswa', 'teknik', 'informatika', 'angkat', '2016', 'lapor', 'tahap', 'skripsi', 'jurnal', 'skripsi', 'judul', 'kembang', 'domain', 'specific', 'language', 'aplikasi', 'crud', 'bas', 'web', 'kait', 'tahap', 'p2', 'lengkap', 'verifikasi', 'nilai', 'filkom', 'apps', 'dosen', 'dosen', 'bimbing', '1', 'nilai', 'tahap', 'p2', 'agustus', 'kemarin', 'terima', 'kasih']"
844,96,[30/03/20 09.44.39],mahasiswa,"saya sudah menambahkan data latih sebanyak 100 bu, sehingga data latih sekarang menjadi 200, dan data uji 100. akan tetapi hasil akurasi yang didapatkan pada program saya antara menggunakan seleksi fitur maupun tidak, itu sama saja sekitar 83%. kemudian saya ubah lagi perbandingannya menjadi 230 data latih dan 70 data uji, hasilnya didapatkan seleksi fitur 82,85% dan tanpa seleksi fitur menjadi 84,28% Bu.",1,-1.0,96,5,"['data', 'latih', '100', 'data', 'latih', '200', 'data', 'uji', '100', 'hasil', 'akurasi', 'program', 'seleksi', 'fitur', '83', 'ubah', 'banding', '230', 'data', 'latih', '70', 'data', 'uji', 'hasil', 'seleksi', 'fitur', '82', '85', 'seleksi', 'fitur', '84', '28']"
1920,82,[04/05/20 13.42.49],mahasiswa,â€You deleted this message.,-1,-1.0,82,15,"['deleted', 'message']"
84,84,[14/12/20 14.25.14],mahasiswa,"Assalamuâ€™alaikum Pak [DOSEN], saya sudah bimbingan dengan pak dosen sehingga jumlah minimal pada untuk P1 sudah terpenuhi. Syarat untuk P1 apa ya pak? Makasihh",1,-1.0,83,9,"['assalamu', 'alaikum', 'dosen', 'bimbing', 'dosen', 'minimal', 'p1', 'penuh', 'syarat', 'p1', 'iya', 'makasihh']"
1310,44,9/11/20,mahasiswa,"Assalamualaikum Wr Wb, selamat siang Pak [DOSEN]. Untuk dokumen skripsi BAB 4 yang saya kirimkan hari senin minggu lalu apakah ada masukan pak? Terima kasih banyak atas waktunya Bapak ",1,-1.0,16,1,"['assalamualaikum', 'wr', 'wb', 'selamat', 'siang', 'dosen', 'dokumen', 'skripsi', 'bab', '4', 'kirim', 'senin', 'minggu', 'masuk', 'terima', 'kasih']"
1148,6,16/09/19,mahasiswa,"Jadi saya ada 3 alternatif dosen pak yang saya request yaitu bu [DOSEN], pak [DOSEN], dan pak [DOSEN].",1,-1.0,1,7,"['3', 'alternatif', 'dosen', 'request', 'dosen', 'dosen', 'dosen']"
62,62,[20/11/20 10.09.21],mahasiswa,<DOC>,1,-1.0,61,9,['doc']
2169,17,11/4/20,mahasiswa,"Baik Pak, terima kasih pak  ğŸ™",1,-1.0,4,0,"['terima', 'kasih']"
181,54,30/06/20,mahasiswa,"Assalamualaikum bu, selamat sore. Mohon maaf bu saya ingin menanyakan revisi untuk dokumen skripsi saya yg terakhir apakah ada yang kurang buu? Terima kasih bu sebelumnya ",1,-1.0,9,10,"['assalamualaikum', 'selamat', 'sore', 'mohon', 'maaf', 'revisi', 'dokumen', 'skripsi', 'buu', 'terima', 'kasih']"
1479,143,16/12/20,mahasiswa,"Assalamualaikum Wr Wb maaf Pak [DOSEN] mengganggu waktunya, ingin mengabarkan bahwa sudah mengirim UAS Induksi saya melalui email Bapak. Terima kasih banyak Bapak atas waktunya ",1,-1.0,33,2,"['assalamualaikum', 'wr', 'wb', 'maaf', 'dosen', 'ganggu', 'abar', 'kirim', 'ujian akhir semester', 'induksi', 'email', 'terima', 'kasih']"
498,131,23/12/20,mahasiswa,<DOC>,-1,-1.0,38,16,['doc']
566,55,17/11/20,mahasiswa,Jadi yang di masukkan sebagai dataset di kode juga dataset yang asli ya pak?,1,-1.0,11,3,"['masuk', 'dataset', 'kode', 'dataset', 'asli', 'iya']"
2119,3,29/09/20,mahasiswa,"Baik Pak, sedang saya diskusikan dengan Bu [DOSEN]. Terimakasih banyak atas waktunya pak.",1,-1.0,1,6,"['diskusi', 'dosen', 'terima kasih']"
1908,70,[28/04/20 12.33.17],mahasiswa,Assalamualaikum Wr.Wb. Pak. Selamat siang dan mohon maaf mengganggu waktu Bapak. Berikut dokumen skripsi saya yang sudah saya perbaiki. Terima kasih PakğŸ™ â€,1,-1.0,70,15,"['assalamualaikum', 'wr', 'wb', 'selamat', 'siang', 'mohon', 'maaf', 'ganggu', 'dokumen', 'skripsi', 'terima', 'kasih']"
1952,114,[01/07/20 16.25.55],mahasiswa,Berikut saya lampirkan hasil revisi saya Pak. Sekiranya Bapak dapat memeriksa kembali. Mohon maaf sudah mengganggu waktunya. Terima kasihğŸ™ ,1,-1.0,114,15,"['lampir', 'hasil', 'revisi', 'sekira', 'periksa', 'mohon', 'maaf', 'ganggu', 'terima', 'kasih']"
1820,54,1/7/21,mahasiswa,"Baik Pak, mohon maaf sebelumnya Pak, izin bertanya kembali dan konfirmasi, untuk form pergantian judulnya apakah saya perlu mengirimkannya kembali Pak?",1,-1.0,9,4,"['mohon', 'maaf', 'izin', 'konfirmasi', 'form', 'ganti', 'judul', 'kirim']"
850,102,[30/03/20 10.41.54],mahasiswa,"iya bu, tapi saya juga masi belum tahu karena kalau saya ubah-ubah jumlah data latihnya terkadang masih ada yang hasilnya sama. hanya pada jumlah data latih 100 dan data uji 100 penggunaan seleksi fitur bisa meningkatkan akurasi.",1,-1.0,102,5,"['iya', 'mas', 'ubah', 'data', 'latih', 'terkadang', 'hasil', 'data', 'latih', '100', 'data', 'uji', '100', 'seleksi', 'fitur', 'tingkat', 'akurasi']"
851,103,[30/03/20 10.42.42],mahasiswa,tabel pengujian menggunakan confusion matriks belum saya buat bu karena saya masih belum menentukan jumlah data latih yang saya gunakan,1,-1.0,103,5,"['tabel', 'uji', 'confusion', 'matriks', 'data', 'latih']"
146,19,05/05/20,mahasiswa,"saya kirim file dengan format rar yaa bu, mungkin ibu ada masukan.. ",1,-1.0,2,10,"['kirim', 'dokumen', 'format', 'rar', 'yaa', 'masuk']"
1888,50,[20/04/20 10.17.03],dosen,sdr kirim dulu saja perubahannya.,-1,-1.0,50,15,"['sdr', 'kirim', 'ubah']"
1338,2,15/6/20,mahasiswa,"Baik bapak, terimakasih. Mohon maaf sebelumnya pak, saya ingin bertanya bagaimana untuk mekanisme bimbingan secara daring kepada bapak? ",1,-1.0,0,2,"['terima kasih', 'mohon', 'maaf', 'mekanisme', 'bimbing', 'daring']"
1311,45,16/11/20,dosen,Ya mbak,-1,-1.0,17,1,"['iya', 'mbak']"
1950,112,[01/07/20 15.45.46],dosen,Klo bisa minta bantuan teman yang lebih faham membuat flowchart.,1,-1.0,112,15,"['bantu', 'teman', 'faham', 'diagram alir']"
78,78,[07/12/20 12.14.41],dosen,Data yg digunakan semua?,1,-1.0,77,9,['data']
1915,77,[30/04/20 13.17.04],mahasiswa,"Assalamualaikum Wr.Wb. Pak. Selamat siang, mohon maaf mengganggu waktunya. Terkait revisi dokumen sebelumnya, berikut saya lampirkan dokumen yang sudah saya perbaiki. Terima kasih PakğŸ™ ",1,-1.0,77,15,"['assalamualaikum', 'wr', 'wb', 'selamat', 'siang', 'mohon', 'maaf', 'ganggu', 'kait', 'revisi', 'dokumen', 'lampir', 'dokumen', 'terima', 'kasih']"
1460,124,12/12/20,mahasiswa,"Assalamualaikum Wr Wb, mohon maaf mengganggu Pak [DOSEN]. Pak [DOSEN] untuk turnitin saya tidak bisa masuk karena sudah mencapai batas siswa pada kelas tersebut. Untuk hal tersebut bagaimana ya Pak? Terima kasih banyak Bapak atas waktunya ",1,-1.0,31,2,"['assalamualaikum', 'wr', 'wb', 'mohon', 'maaf', 'ganggu', 'dosen', 'dosen', 'turnitin', 'masuk', 'capai', 'batas', 'siswa', 'kelas', 'iya', 'terima', 'kasih']"
2197,13,15/12/2020,dosen,"Baik [MHS], saya ijinkan. ğŸ™",1,-1.0,4,14,"['mahasiswa', 'ijinkan']"
1919,81,[04/05/20 13.42.29],mahasiswa,Kalau seperti ini bagaimana Pak?,1,-1.0,81,15,[]
1889,51,[20/04/20 10.25.08],mahasiswa,Berikut saya lampirkan dokumen saya Pak.,1,-1.0,51,15,"['lampir', 'dokumen']"
1878,40,â€[14/04/20 09.10.10],mahasiswa,<DOC>,1,-1.0,40,15,['doc']
